11 , 4 , 21800
11 , 5 , 21788
11 , 5 , 21789
11 , 5 , 21790
11 , 5 , 21791
11 , 5 , 21792
11 , 5 , 21793
11 , 5 , 21794
11 , 5 , 21795
11 , 5 , 21796
11 , 5 , 21797
11 , 5 , 21798
11 , 5 , 21799
11 , 5 , 21800
11 , 6 , 21306
11 , 6 , 21319
11 , 6 , 21332
11 , 6 , 21345
11 , 6 , 21358
11 , 6 , 21371
11 , 6 , 21384
11 , 6 , 21397
11 , 6 , 21410
11 , 6 , 21423
11 , 6 , 21436
11 , 6 , 21449
11 , 6 , 21462
11 , 6 , 21475
11 , 6 , 21488
11 , 6 , 21501
11 , 6 , 21514
11 , 6 , 21527
11 , 6 , 21540
11 , 6 , 21553
11 , 6 , 21566
11 , 6 , 21579
11 , 6 , 21592
11 , 6 , 21605
11 , 6 , 21618
11 , 6 , 21631
11 , 6 , 21644
11 , 6 , 21657
11 , 6 , 21670
11 , 6 , 21683
11 , 6 , 21696
11 , 6 , 21709
11 , 6 , 21722
11 , 6 , 21735
11 , 6 , 21748
11 , 6 , 21761
11 , 6 , 21774
11 , 6 , 21787
11 , 6 , 21800
11 , 7 , 21294
11 , 7 , 21295
11 , 7 , 21296
11 , 7 , 21297
11 , 7 , 21298
11 , 7 , 21299
11 , 7 , 21300
11 , 7 , 21301
11 , 7 , 21302
11 , 7 , 21303
11 , 7 , 21304
11 , 7 , 21305
11 , 7 , 21306
11 , 7 , 21307
11 , 7 , 21308
11 , 7 , 21309
11 , 7 , 21310
11 , 7 , 21311
11 , 7 , 21312
11 , 7 , 21313
11 , 7 , 21314
11 , 7 , 21315
11 , 7 , 21316
11 , 7 , 21317
11 , 7 , 21318
11 , 7 , 21319
11 , 7 , 21320
11 , 7 , 21321
11 , 7 , 21322
11 , 7 , 21323
11 , 7 , 21324
11 , 7 , 21325
11 , 7 , 21326
11 , 7 , 21327
11 , 7 , 21328
11 , 7 , 21329
11 , 7 , 21330
11 , 7 , 21331
11 , 7 , 21332
11 , 7 , 21333
11 , 7 , 21334
11 , 7 , 21335
11 , 7 , 21336
11 , 7 , 21337
11 , 7 , 21338
11 , 7 , 21339
11 , 7 , 21340
11 , 7 , 21341
11 , 7 , 21342
11 , 7 , 21343
11 , 7 , 21344
11 , 7 , 21345
11 , 7 , 21346
11 , 7 , 21347
11 , 7 , 21348
11 , 7 , 21349
11 , 7 , 21350
11 , 7 , 21351
11 , 7 , 21352
11 , 7 , 21353
11 , 7 , 21354
11 , 7 , 21355
11 , 7 , 21356
11 , 7 , 21357
11 , 7 , 21358
11 , 7 , 21359
11 , 7 , 21360
11 , 7 , 21361
11 , 7 , 21362
11 , 7 , 21363
11 , 7 , 21364
11 , 7 , 21365
11 , 7 , 21366
11 , 7 , 21367
11 , 7 , 21368
11 , 7 , 21369
11 , 7 , 21370
11 , 7 , 21371
11 , 7 , 21372
11 , 7 , 21373
11 , 7 , 21374
11 , 7 , 21375
11 , 7 , 21376
11 , 7 , 21377
11 , 7 , 21378
11 , 7 , 21379
11 , 7 , 21380
11 , 7 , 21381
11 , 7 , 21382
11 , 7 , 21383
11 , 7 , 21384
11 , 7 , 21385
11 , 7 , 21386
11 , 7 , 21387
11 , 7 , 21388
11 , 7 , 21389
11 , 7 , 21390
11 , 7 , 21391
11 , 7 , 21392
11 , 7 , 21393
11 , 7 , 21394
11 , 7 , 21395
11 , 7 , 21396
11 , 7 , 21397
11 , 7 , 21398
11 , 7 , 21399
11 , 7 , 21400
11 , 7 , 21401
11 , 7 , 21402
11 , 7 , 21403
11 , 7 , 21404
11 , 7 , 21405
11 , 7 , 21406
11 , 7 , 21407
11 , 7 , 21408
11 , 7 , 21409
11 , 7 , 21410
11 , 7 , 21411
11 , 7 , 21412
11 , 7 , 21413
11 , 7 , 21414
11 , 7 , 21415
11 , 7 , 21416
11 , 7 , 21417
11 , 7 , 21418
11 , 7 , 21419
11 , 7 , 21420
11 , 7 , 21421
11 , 7 , 21422
11 , 7 , 21423
11 , 7 , 21424
11 , 7 , 21425
11 , 7 , 21426
11 , 7 , 21427
11 , 7 , 21428
11 , 7 , 21429
11 , 7 , 21430
11 , 7 , 21431
11 , 7 , 21432
11 , 7 , 21433
11 , 7 , 21434
11 , 7 , 21435
11 , 7 , 21436
11 , 7 , 21437
11 , 7 , 21438
11 , 7 , 21439
11 , 7 , 21440
11 , 7 , 21441
11 , 7 , 21442
11 , 7 , 21443
11 , 7 , 21444
11 , 7 , 21445
11 , 7 , 21446
11 , 7 , 21447
11 , 7 , 21448
11 , 7 , 21449
11 , 7 , 21450
11 , 7 , 21451
11 , 7 , 21452
11 , 7 , 21453
11 , 7 , 21454
11 , 7 , 21455
11 , 7 , 21456
11 , 7 , 21457
11 , 7 , 21458
11 , 7 , 21459
11 , 7 , 21460
11 , 7 , 21461
11 , 7 , 21462
11 , 7 , 21463
11 , 7 , 21464
11 , 7 , 21465
11 , 7 , 21466
11 , 7 , 21467
11 , 7 , 21468
11 , 7 , 21469
11 , 7 , 21470
11 , 7 , 21471
11 , 7 , 21472
11 , 7 , 21473
11 , 7 , 21474
11 , 7 , 21475
11 , 7 , 21476
11 , 7 , 21477
11 , 7 , 21478
11 , 7 , 21479
11 , 7 , 21480
11 , 7 , 21481
11 , 7 , 21482
11 , 7 , 21483
11 , 7 , 21484
11 , 7 , 21485
11 , 7 , 21486
11 , 7 , 21487
11 , 7 , 21488
11 , 7 , 21489
11 , 7 , 21490
11 , 7 , 21491
11 , 7 , 21492
11 , 7 , 21493
11 , 7 , 21494
11 , 7 , 21495
11 , 7 , 21496
11 , 7 , 21497
11 , 7 , 21498
11 , 7 , 21499
11 , 7 , 21500
11 , 7 , 21501
11 , 7 , 21502
11 , 7 , 21503
11 , 7 , 21504
11 , 7 , 21505
11 , 7 , 21506
11 , 7 , 21507
11 , 7 , 21508
11 , 7 , 21509
11 , 7 , 21510
11 , 7 , 21511
11 , 7 , 21512
11 , 7 , 21513
11 , 7 , 21514
11 , 7 , 21515
11 , 7 , 21516
11 , 7 , 21517
11 , 7 , 21518
11 , 7 , 21519
11 , 7 , 21520
11 , 7 , 21521
11 , 7 , 21522
11 , 7 , 21523
11 , 7 , 21524
11 , 7 , 21525
11 , 7 , 21526
11 , 7 , 21527
11 , 7 , 21528
11 , 7 , 21529
11 , 7 , 21530
11 , 7 , 21531
11 , 7 , 21532
11 , 7 , 21533
11 , 7 , 21534
11 , 7 , 21535
11 , 7 , 21536
11 , 7 , 21537
11 , 7 , 21538
11 , 7 , 21539
11 , 7 , 21540
11 , 7 , 21541
11 , 7 , 21542
11 , 7 , 21543
11 , 7 , 21544
11 , 7 , 21545
11 , 7 , 21546
11 , 7 , 21547
11 , 7 , 21548
11 , 7 , 21549
11 , 7 , 21550
11 , 7 , 21551
11 , 7 , 21552
11 , 7 , 21553
11 , 7 , 21554
11 , 7 , 21555
11 , 7 , 21556
11 , 7 , 21557
11 , 7 , 21558
11 , 7 , 21559
11 , 7 , 21560
11 , 7 , 21561
11 , 7 , 21562
11 , 7 , 21563
11 , 7 , 21564
11 , 7 , 21565
11 , 7 , 21566
11 , 7 , 21567
11 , 7 , 21568
11 , 7 , 21569
11 , 7 , 21570
11 , 7 , 21571
11 , 7 , 21572
11 , 7 , 21573
11 , 7 , 21574
11 , 7 , 21575
11 , 7 , 21576
11 , 7 , 21577
11 , 7 , 21578
11 , 7 , 21579
11 , 7 , 21580
11 , 7 , 21581
11 , 7 , 21582
11 , 7 , 21583
11 , 7 , 21584
11 , 7 , 21585
11 , 7 , 21586
11 , 7 , 21587
11 , 7 , 21588
11 , 7 , 21589
11 , 7 , 21590
11 , 7 , 21591
11 , 7 , 21592
11 , 7 , 21593
11 , 7 , 21594
11 , 7 , 21595
11 , 7 , 21596
11 , 7 , 21597
11 , 7 , 21598
11 , 7 , 21599
11 , 7 , 21600
11 , 7 , 21601
11 , 7 , 21602
11 , 7 , 21603
11 , 7 , 21604
11 , 7 , 21605
11 , 7 , 21606
11 , 7 , 21607
11 , 7 , 21608
11 , 7 , 21609
11 , 7 , 21610
11 , 7 , 21611
11 , 7 , 21612
11 , 7 , 21613
11 , 7 , 21614
11 , 7 , 21615
11 , 7 , 21616
11 , 7 , 21617
11 , 7 , 21618
11 , 7 , 21619
11 , 7 , 21620
11 , 7 , 21621
11 , 7 , 21622
11 , 7 , 21623
11 , 7 , 21624
11 , 7 , 21625
11 , 7 , 21626
11 , 7 , 21627
11 , 7 , 21628
11 , 7 , 21629
11 , 7 , 21630
11 , 7 , 21631
11 , 7 , 21632
11 , 7 , 21633
11 , 7 , 21634
11 , 7 , 21635
11 , 7 , 21636
11 , 7 , 21637
11 , 7 , 21638
11 , 7 , 21639
11 , 7 , 21640
11 , 7 , 21641
11 , 7 , 21642
11 , 7 , 21643
11 , 7 , 21644
11 , 7 , 21645
11 , 7 , 21646
11 , 7 , 21647
11 , 7 , 21648
11 , 7 , 21649
11 , 7 , 21650
11 , 7 , 21651
11 , 7 , 21652
11 , 7 , 21653
11 , 7 , 21654
11 , 7 , 21655
11 , 7 , 21656
11 , 7 , 21657
11 , 7 , 21658
11 , 7 , 21659
11 , 7 , 21660
11 , 7 , 21661
11 , 7 , 21662
11 , 7 , 21663
11 , 7 , 21664
11 , 7 , 21665
11 , 7 , 21666
11 , 7 , 21667
11 , 7 , 21668
11 , 7 , 21669
11 , 7 , 21670
11 , 7 , 21671
11 , 7 , 21672
11 , 7 , 21673
11 , 7 , 21674
11 , 7 , 21675
11 , 7 , 21676
11 , 7 , 21677
11 , 7 , 21678
11 , 7 , 21679
11 , 7 , 21680
11 , 7 , 21681
11 , 7 , 21682
11 , 7 , 21683
11 , 7 , 21684
11 , 7 , 21685
11 , 7 , 21686
11 , 7 , 21687
11 , 7 , 21688
11 , 7 , 21689
11 , 7 , 21690
11 , 7 , 21691
11 , 7 , 21692
11 , 7 , 21693
11 , 7 , 21694
11 , 7 , 21695
11 , 7 , 21696
11 , 7 , 21697
11 , 7 , 21698
11 , 7 , 21699
11 , 7 , 21700
11 , 7 , 21701
11 , 7 , 21702
11 , 7 , 21703
11 , 7 , 21704
11 , 7 , 21705
11 , 7 , 21706
11 , 7 , 21707
11 , 7 , 21708
11 , 7 , 21709
11 , 7 , 21710
11 , 7 , 21711
11 , 7 , 21712
11 , 7 , 21713
11 , 7 , 21714
11 , 7 , 21715
11 , 7 , 21716
11 , 7 , 21717
11 , 7 , 21718
11 , 7 , 21719
11 , 7 , 21720
11 , 7 , 21721
11 , 7 , 21722
11 , 7 , 21723
11 , 7 , 21724
11 , 7 , 21725
11 , 7 , 21726
11 , 7 , 21727
11 , 7 , 21728
11 , 7 , 21729
11 , 7 , 21730
11 , 7 , 21731
11 , 7 , 21732
11 , 7 , 21733
11 , 7 , 21734
11 , 7 , 21735
11 , 7 , 21736
11 , 7 , 21737
11 , 7 , 21738
11 , 7 , 21739
11 , 7 , 21740
11 , 7 , 21741
11 , 7 , 21742
11 , 7 , 21743
11 , 7 , 21744
11 , 7 , 21745
11 , 7 , 21746
11 , 7 , 21747
11 , 7 , 21748
11 , 7 , 21749
11 , 7 , 21750
11 , 7 , 21751
11 , 7 , 21752
11 , 7 , 21753
11 , 7 , 21754
11 , 7 , 21755
11 , 7 , 21756
11 , 7 , 21757
11 , 7 , 21758
11 , 7 , 21759
11 , 7 , 21760
11 , 7 , 21761
11 , 7 , 21762
11 , 7 , 21763
11 , 7 , 21764
11 , 7 , 21765
11 , 7 , 21766
11 , 7 , 21767
11 , 7 , 21768
11 , 7 , 21769
11 , 7 , 21770
11 , 7 , 21771
11 , 7 , 21772
11 , 7 , 21773
11 , 7 , 21774
11 , 7 , 21775
11 , 7 , 21776
11 , 7 , 21777
11 , 7 , 21778
11 , 7 , 21779
11 , 7 , 21780
11 , 7 , 21781
11 , 7 , 21782
11 , 7 , 21783
11 , 7 , 21784
11 , 7 , 21785
11 , 7 , 21786
11 , 7 , 21787
11 , 7 , 21788
11 , 7 , 21789
11 , 7 , 21790
11 , 7 , 21791
11 , 7 , 21792
11 , 7 , 21793
11 , 7 , 21794
11 , 7 , 21795
11 , 7 , 21796
11 , 7 , 21797
11 , 7 , 21798
11 , 7 , 21799
11 , 7 , 21800
11 , 8 , 20114
11 , 8 , 20165
11 , 8 , 20216
11 , 8 , 20267
11 , 8 , 20318
11 , 8 , 20369
11 , 8 , 20420
11 , 8 , 20471
11 , 8 , 20522
11 , 8 , 20573
11 , 8 , 20624
11 , 8 , 20675
11 , 8 , 20726
11 , 8 , 20777
11 , 8 , 20828
11 , 8 , 20879
11 , 8 , 20930
11 , 8 , 20981
11 , 8 , 21032
11 , 8 , 21083
11 , 8 , 21134
11 , 8 , 21185
11 , 8 , 21236
11 , 8 , 21287
11 , 8 , 21338
11 , 8 , 21389
11 , 8 , 21440
11 , 8 , 21491
11 , 8 , 21542
11 , 8 , 21593
11 , 8 , 21644
11 , 8 , 21695
11 , 8 , 21746
11 , 8 , 21797
11 , 8 , 21848
11 , 8 , 21899
11 , 8 , 21950
11 , 8 , 22001
11 , 8 , 22052
11 , 8 , 22103
11 , 8 , 22154
11 , 8 , 22205
11 , 8 , 22256
11 , 8 , 22307
11 , 9 , 20102
11 , 9 , 20103
11 , 9 , 20104
11 , 9 , 20105
11 , 9 , 20106
11 , 9 , 20107
11 , 9 , 20108
11 , 9 , 20109
11 , 9 , 20110
11 , 9 , 20111
11 , 9 , 20112
11 , 9 , 20113
11 , 9 , 20114
11 , 9 , 20153
11 , 9 , 20154
11 , 9 , 20155
11 , 9 , 20156
11 , 9 , 20157
11 , 9 , 20158
11 , 9 , 20159
11 , 9 , 20160
11 , 9 , 20161
11 , 9 , 20162
11 , 9 , 20163
11 , 9 , 20164
11 , 9 , 20165
11 , 9 , 20204
11 , 9 , 20205
11 , 9 , 20206
11 , 9 , 20207
11 , 9 , 20208
11 , 9 , 20209
11 , 9 , 20210
11 , 9 , 20211
11 , 9 , 20212
11 , 9 , 20213
11 , 9 , 20214
11 , 9 , 20215
11 , 9 , 20216
11 , 9 , 20255
11 , 9 , 20256
11 , 9 , 20257
11 , 9 , 20258
11 , 9 , 20259
11 , 9 , 20260
11 , 9 , 20261
11 , 9 , 20262
11 , 9 , 20263
11 , 9 , 20264
11 , 9 , 20265
11 , 9 , 20266
11 , 9 , 20267
11 , 9 , 20306
11 , 9 , 20307
11 , 9 , 20308
11 , 9 , 20309
11 , 9 , 20310
11 , 9 , 20311
11 , 9 , 20312
11 , 9 , 20313
11 , 9 , 20314
11 , 9 , 20315
11 , 9 , 20316
11 , 9 , 20317
11 , 9 , 20318
11 , 9 , 20357
11 , 9 , 20358
11 , 9 , 20359
11 , 9 , 20360
11 , 9 , 20361
11 , 9 , 20362
11 , 9 , 20363
11 , 9 , 20364
11 , 9 , 20365
11 , 9 , 20366
11 , 9 , 20367
11 , 9 , 20368
11 , 9 , 20369
11 , 9 , 20408
11 , 9 , 20409
11 , 9 , 20410
11 , 9 , 20411
11 , 9 , 20412
11 , 9 , 20413
11 , 9 , 20414
11 , 9 , 20415
11 , 9 , 20416
11 , 9 , 20417
11 , 9 , 20418
11 , 9 , 20419
11 , 9 , 20420
11 , 9 , 20459
11 , 9 , 20460
11 , 9 , 20461
11 , 9 , 20462
11 , 9 , 20463
11 , 9 , 20464
11 , 9 , 20465
11 , 9 , 20466
11 , 9 , 20467
11 , 9 , 20468
11 , 9 , 20469
11 , 9 , 20470
11 , 9 , 20471
11 , 9 , 20510
11 , 9 , 20511
11 , 9 , 20512
11 , 9 , 20513
11 , 9 , 20514
11 , 9 , 20515
11 , 9 , 20516
11 , 9 , 20517
11 , 9 , 20518
11 , 9 , 20519
11 , 9 , 20520
11 , 9 , 20521
11 , 9 , 20522
11 , 9 , 20561
11 , 9 , 20562
11 , 9 , 20563
11 , 9 , 20564
11 , 9 , 20565
11 , 9 , 20566
11 , 9 , 20567
11 , 9 , 20568
11 , 9 , 20569
11 , 9 , 20570
11 , 9 , 20571
11 , 9 , 20572
11 , 9 , 20573
11 , 9 , 20612
11 , 9 , 20613
11 , 9 , 20614
11 , 9 , 20615
11 , 9 , 20616
11 , 9 , 20617
11 , 9 , 20618
11 , 9 , 20619
11 , 9 , 20620
11 , 9 , 20621
11 , 9 , 20622
11 , 9 , 20623
11 , 9 , 20624
11 , 9 , 20663
11 , 9 , 20664
11 , 9 , 20665
11 , 9 , 20666
11 , 9 , 20667
11 , 9 , 20668
11 , 9 , 20669
11 , 9 , 20670
11 , 9 , 20671
11 , 9 , 20672
11 , 9 , 20673
11 , 9 , 20674
11 , 9 , 20675
11 , 9 , 20714
11 , 9 , 20715
11 , 9 , 20716
11 , 9 , 20717
11 , 9 , 20718
11 , 9 , 20719
11 , 9 , 20720
11 , 9 , 20721
11 , 9 , 20722
11 , 9 , 20723
11 , 9 , 20724
11 , 9 , 20725
11 , 9 , 20726
11 , 9 , 20765
11 , 9 , 20766
11 , 9 , 20767
11 , 9 , 20768
11 , 9 , 20769
11 , 9 , 20770
11 , 9 , 20771
11 , 9 , 20772
11 , 9 , 20773
11 , 9 , 20774
11 , 9 , 20775
11 , 9 , 20776
11 , 9 , 20777
11 , 9 , 20816
11 , 9 , 20817
11 , 9 , 20818
11 , 9 , 20819
11 , 9 , 20820
11 , 9 , 20821
11 , 9 , 20822
11 , 9 , 20823
11 , 9 , 20824
11 , 9 , 20825
11 , 9 , 20826
11 , 9 , 20827
11 , 9 , 20828
11 , 9 , 20867
11 , 9 , 20868
11 , 9 , 20869
11 , 9 , 20870
11 , 9 , 20871
11 , 9 , 20872
11 , 9 , 20873
11 , 9 , 20874
11 , 9 , 20875
11 , 9 , 20876
11 , 9 , 20877
11 , 9 , 20878
11 , 9 , 20879
11 , 9 , 20918
11 , 9 , 20919
11 , 9 , 20920
11 , 9 , 20921
11 , 9 , 20922
11 , 9 , 20923
11 , 9 , 20924
11 , 9 , 20925
11 , 9 , 20926
11 , 9 , 20927
11 , 9 , 20928
11 , 9 , 20929
11 , 9 , 20930
11 , 9 , 20969
11 , 9 , 20970
11 , 9 , 20971
11 , 9 , 20972
11 , 9 , 20973
11 , 9 , 20974
11 , 9 , 20975
11 , 9 , 20976
11 , 9 , 20977
11 , 9 , 20978
11 , 9 , 20979
11 , 9 , 20980
11 , 9 , 20981
11 , 9 , 21020
11 , 9 , 21021
11 , 9 , 21022
11 , 9 , 21023
11 , 9 , 21024
11 , 9 , 21025
11 , 9 , 21026
11 , 9 , 21027
11 , 9 , 21028
11 , 9 , 21029
11 , 9 , 21030
11 , 9 , 21031
11 , 9 , 21032
11 , 9 , 21071
11 , 9 , 21072
11 , 9 , 21073
11 , 9 , 21074
11 , 9 , 21075
11 , 9 , 21076
11 , 9 , 21077
11 , 9 , 21078
11 , 9 , 21079
11 , 9 , 21080
11 , 9 , 21081
11 , 9 , 21082
11 , 9 , 21083
11 , 9 , 21122
11 , 9 , 21123
11 , 9 , 21124
11 , 9 , 21125
11 , 9 , 21126
11 , 9 , 21127
11 , 9 , 21128
11 , 9 , 21129
11 , 9 , 21130
11 , 9 , 21131
11 , 9 , 21132
11 , 9 , 21133
11 , 9 , 21134
11 , 9 , 21173
11 , 9 , 21174
11 , 9 , 21175
11 , 9 , 21176
11 , 9 , 21177
11 , 9 , 21178
11 , 9 , 21179
11 , 9 , 21180
11 , 9 , 21181
11 , 9 , 21182
11 , 9 , 21183
11 , 9 , 21184
11 , 9 , 21185
11 , 9 , 21224
11 , 9 , 21225
11 , 9 , 21226
11 , 9 , 21227
11 , 9 , 21228
11 , 9 , 21229
11 , 9 , 21230
11 , 9 , 21231
11 , 9 , 21232
11 , 9 , 21233
11 , 9 , 21234
11 , 9 , 21235
11 , 9 , 21236
11 , 9 , 21275
11 , 9 , 21276
11 , 9 , 21277
11 , 9 , 21278
11 , 9 , 21279
11 , 9 , 21280
11 , 9 , 21281
11 , 9 , 21282
11 , 9 , 21283
11 , 9 , 21284
11 , 9 , 21285
11 , 9 , 21286
11 , 9 , 21287
11 , 9 , 21326
11 , 9 , 21327
11 , 9 , 21328
11 , 9 , 21329
11 , 9 , 21330
11 , 9 , 21331
11 , 9 , 21332
11 , 9 , 21333
11 , 9 , 21334
11 , 9 , 21335
11 , 9 , 21336
11 , 9 , 21337
11 , 9 , 21338
11 , 9 , 21377
11 , 9 , 21378
11 , 9 , 21379
11 , 9 , 21380
11 , 9 , 21381
11 , 9 , 21382
11 , 9 , 21383
11 , 9 , 21384
11 , 9 , 21385
11 , 9 , 21386
11 , 9 , 21387
11 , 9 , 21388
11 , 9 , 21389
11 , 9 , 21428
11 , 9 , 21429
11 , 9 , 21430
11 , 9 , 21431
11 , 9 , 21432
11 , 9 , 21433
11 , 9 , 21434
11 , 9 , 21435
11 , 9 , 21436
11 , 9 , 21437
11 , 9 , 21438
11 , 9 , 21439
11 , 9 , 21440
11 , 9 , 21479
11 , 9 , 21480
11 , 9 , 21481
11 , 9 , 21482
11 , 9 , 21483
11 , 9 , 21484
11 , 9 , 21485
11 , 9 , 21486
11 , 9 , 21487
11 , 9 , 21488
11 , 9 , 21489
11 , 9 , 21490
11 , 9 , 21491
11 , 9 , 21530
11 , 9 , 21531
11 , 9 , 21532
11 , 9 , 21533
11 , 9 , 21534
11 , 9 , 21535
11 , 9 , 21536
11 , 9 , 21537
11 , 9 , 21538
11 , 9 , 21539
11 , 9 , 21540
11 , 9 , 21541
11 , 9 , 21542
11 , 9 , 21581
11 , 9 , 21582
11 , 9 , 21583
11 , 9 , 21584
11 , 9 , 21585
11 , 9 , 21586
11 , 9 , 21587
11 , 9 , 21588
11 , 9 , 21589
11 , 9 , 21590
11 , 9 , 21591
11 , 9 , 21592
11 , 9 , 21593
11 , 9 , 21632
11 , 9 , 21633
11 , 9 , 21634
11 , 9 , 21635
11 , 9 , 21636
11 , 9 , 21637
11 , 9 , 21638
11 , 9 , 21639
11 , 9 , 21640
11 , 9 , 21641
11 , 9 , 21642
11 , 9 , 21643
11 , 9 , 21644
11 , 9 , 21683
11 , 9 , 21684
11 , 9 , 21685
11 , 9 , 21686
11 , 9 , 21687
11 , 9 , 21688
11 , 9 , 21689
11 , 9 , 21690
11 , 9 , 21691
11 , 9 , 21692
11 , 9 , 21693
11 , 9 , 21694
11 , 9 , 21695
11 , 9 , 21734
11 , 9 , 21735
11 , 9 , 21736
11 , 9 , 21737
11 , 9 , 21738
11 , 9 , 21739
11 , 9 , 21740
11 , 9 , 21741
11 , 9 , 21742
11 , 9 , 21743
11 , 9 , 21744
11 , 9 , 21745
11 , 9 , 21746
11 , 9 , 21785
11 , 9 , 21786
11 , 9 , 21787
11 , 9 , 21788
11 , 9 , 21789
11 , 9 , 21790
11 , 9 , 21791
11 , 9 , 21792
11 , 9 , 21793
11 , 9 , 21794
11 , 9 , 21795
11 , 9 , 21796
11 , 9 , 21797
11 , 9 , 21836
11 , 9 , 21837
11 , 9 , 21838
11 , 9 , 21839
11 , 9 , 21840
11 , 9 , 21841
11 , 9 , 21842
11 , 9 , 21843
11 , 9 , 21844
11 , 9 , 21845
11 , 9 , 21846
11 , 9 , 21847
11 , 9 , 21848
11 , 9 , 21887
11 , 9 , 21888
11 , 9 , 21889
11 , 9 , 21890
11 , 9 , 21891
11 , 9 , 21892
11 , 9 , 21893
11 , 9 , 21894
11 , 9 , 21895
11 , 9 , 21896
11 , 9 , 21897
11 , 9 , 21898
11 , 9 , 21899
11 , 9 , 21938
11 , 9 , 21939
11 , 9 , 21940
11 , 9 , 21941
11 , 9 , 21942
11 , 9 , 21943
11 , 9 , 21944
11 , 9 , 21945
11 , 9 , 21946
11 , 9 , 21947
11 , 9 , 21948
11 , 9 , 21949
11 , 9 , 21950
11 , 9 , 21989
11 , 9 , 21990
11 , 9 , 21991
11 , 9 , 21992
11 , 9 , 21993
11 , 9 , 21994
11 , 9 , 21995
11 , 9 , 21996
11 , 9 , 21997
11 , 9 , 21998
11 , 9 , 21999
11 , 9 , 22000
11 , 9 , 22001
11 , 9 , 22040
11 , 9 , 22041
11 , 9 , 22042
11 , 9 , 22043
11 , 9 , 22044
11 , 9 , 22045
11 , 9 , 22046
11 , 9 , 22047
11 , 9 , 22048
11 , 9 , 22049
11 , 9 , 22050
11 , 9 , 22051
11 , 9 , 22052
11 , 9 , 22091
11 , 9 , 22092
11 , 9 , 22093
11 , 9 , 22094
11 , 9 , 22095
11 , 9 , 22096
11 , 9 , 22097
11 , 9 , 22098
11 , 9 , 22099
11 , 9 , 22100
11 , 9 , 22101
11 , 9 , 22102
11 , 9 , 22103
11 , 9 , 22142
11 , 9 , 22143
11 , 9 , 22144
11 , 9 , 22145
11 , 9 , 22146
11 , 9 , 22147
11 , 9 , 22148
11 , 9 , 22149
11 , 9 , 22150
11 , 9 , 22151
11 , 9 , 22152
11 , 9 , 22153
11 , 9 , 22154
11 , 9 , 22193
11 , 9 , 22194
11 , 9 , 22195
11 , 9 , 22196
11 , 9 , 22197
11 , 9 , 22198
11 , 9 , 22199
11 , 9 , 22200
11 , 9 , 22201
11 , 9 , 22202
11 , 9 , 22203
11 , 9 , 22204
11 , 9 , 22205
11 , 9 , 22244
11 , 9 , 22245
11 , 9 , 22246
11 , 9 , 22247
11 , 9 , 22248
11 , 9 , 22249
11 , 9 , 22250
11 , 9 , 22251
11 , 9 , 22252
11 , 9 , 22253
11 , 9 , 22254
11 , 9 , 22255
11 , 9 , 22256
11 , 9 , 22295
11 , 9 , 22296
11 , 9 , 22297
11 , 9 , 22298
11 , 9 , 22299
11 , 9 , 22300
11 , 9 , 22301
11 , 9 , 22302
11 , 9 , 22303
11 , 9 , 22304
11 , 9 , 22305
11 , 9 , 22306
11 , 9 , 22307
11 , 10 , 19620
11 , 10 , 19633
11 , 10 , 19646
11 , 10 , 19659
11 , 10 , 19672
11 , 10 , 19685
11 , 10 , 19698
11 , 10 , 19711
11 , 10 , 19724
11 , 10 , 19737
11 , 10 , 19750
11 , 10 , 19763
11 , 10 , 19776
11 , 10 , 19789
11 , 10 , 19802
11 , 10 , 19815
11 , 10 , 19828
11 , 10 , 19841
11 , 10 , 19854
11 , 10 , 19867
11 , 10 , 19880
11 , 10 , 19893
11 , 10 , 19906
11 , 10 , 19919
11 , 10 , 19932
11 , 10 , 19945
11 , 10 , 19958
11 , 10 , 19971
11 , 10 , 19984
11 , 10 , 19997
11 , 10 , 20010
11 , 10 , 20023
11 , 10 , 20036
11 , 10 , 20049
11 , 10 , 20062
11 , 10 , 20075
11 , 10 , 20088
11 , 10 , 20101
11 , 10 , 20114
11 , 10 , 20127
11 , 10 , 20128
11 , 10 , 20129
11 , 10 , 20130
11 , 10 , 20131
11 , 10 , 20132
11 , 10 , 20133
11 , 10 , 20134
11 , 10 , 20135
11 , 10 , 20136
11 , 10 , 20137
11 , 10 , 20138
11 , 10 , 20139
11 , 10 , 20140
11 , 10 , 20141
11 , 10 , 20142
11 , 10 , 20143
11 , 10 , 20144
11 , 10 , 20145
11 , 10 , 20146
11 , 10 , 20147
11 , 10 , 20148
11 , 10 , 20149
11 , 10 , 20150
11 , 10 , 20151
11 , 10 , 20152
11 , 10 , 20153
11 , 10 , 20154
11 , 10 , 20155
11 , 10 , 20156
11 , 10 , 20157
11 , 10 , 20158
11 , 10 , 20159
11 , 10 , 20160
11 , 10 , 20161
11 , 10 , 20162
11 , 10 , 20163
11 , 10 , 20164
11 , 10 , 20165
11 , 10 , 20178
11 , 10 , 20179
11 , 10 , 20180
11 , 10 , 20181
11 , 10 , 20182
11 , 10 , 20183
11 , 10 , 20184
11 , 10 , 20185
11 , 10 , 20186
11 , 10 , 20187
11 , 10 , 20188
11 , 10 , 20189
11 , 10 , 20190
11 , 10 , 20191
11 , 10 , 20192
11 , 10 , 20193
11 , 10 , 20194
11 , 10 , 20195
11 , 10 , 20196
11 , 10 , 20197
11 , 10 , 20198
11 , 10 , 20199
11 , 10 , 20200
11 , 10 , 20201
11 , 10 , 20202
11 , 10 , 20203
11 , 10 , 20204
11 , 10 , 20205
11 , 10 , 20206
11 , 10 , 20207
11 , 10 , 20208
11 , 10 , 20209
11 , 10 , 20210
11 , 10 , 20211
11 , 10 , 20212
11 , 10 , 20213
11 , 10 , 20214
11 , 10 , 20215
11 , 10 , 20216
11 , 10 , 20229
11 , 10 , 20230
11 , 10 , 20231
11 , 10 , 20232
11 , 10 , 20233
11 , 10 , 20234
11 , 10 , 20235
11 , 10 , 20236
11 , 10 , 20237
11 , 10 , 20238
11 , 10 , 20239
11 , 10 , 20240
11 , 10 , 20241
11 , 10 , 20242
11 , 10 , 20243
11 , 10 , 20244
11 , 10 , 20245
11 , 10 , 20246
11 , 10 , 20247
11 , 10 , 20248
11 , 10 , 20249
11 , 10 , 20250
11 , 10 , 20251
11 , 10 , 20252
11 , 10 , 20253
11 , 10 , 20254
11 , 10 , 20255
11 , 10 , 20256
11 , 10 , 20257
11 , 10 , 20258
11 , 10 , 20259
11 , 10 , 20260
11 , 10 , 20261
11 , 10 , 20262
11 , 10 , 20263
11 , 10 , 20264
11 , 10 , 20265
11 , 10 , 20266
11 , 10 , 20267
11 , 10 , 20280
11 , 10 , 20281
11 , 10 , 20282
11 , 10 , 20283
11 , 10 , 20284
11 , 10 , 20285
11 , 10 , 20286
11 , 10 , 20287
11 , 10 , 20288
11 , 10 , 20289
11 , 10 , 20290
11 , 10 , 20291
11 , 10 , 20292
11 , 10 , 20293
11 , 10 , 20294
11 , 10 , 20295
11 , 10 , 20296
11 , 10 , 20297
11 , 10 , 20298
11 , 10 , 20299
11 , 10 , 20300
11 , 10 , 20301
11 , 10 , 20302
11 , 10 , 20303
11 , 10 , 20304
11 , 10 , 20305
11 , 10 , 20306
11 , 10 , 20307
11 , 10 , 20308
11 , 10 , 20309
11 , 10 , 20310
11 , 10 , 20311
11 , 10 , 20312
11 , 10 , 20313
11 , 10 , 20314
11 , 10 , 20315
11 , 10 , 20316
11 , 10 , 20317
11 , 10 , 20318
11 , 10 , 20331
11 , 10 , 20332
11 , 10 , 20333
11 , 10 , 20334
11 , 10 , 20335
11 , 10 , 20336
11 , 10 , 20337
11 , 10 , 20338
11 , 10 , 20339
11 , 10 , 20340
11 , 10 , 20341
11 , 10 , 20342
11 , 10 , 20343
11 , 10 , 20344
11 , 10 , 20345
11 , 10 , 20346
11 , 10 , 20347
11 , 10 , 20348
11 , 10 , 20349
11 , 10 , 20350
11 , 10 , 20351
11 , 10 , 20352
11 , 10 , 20353
11 , 10 , 20354
11 , 10 , 20355
11 , 10 , 20356
11 , 10 , 20357
11 , 10 , 20358
11 , 10 , 20359
11 , 10 , 20360
11 , 10 , 20361
11 , 10 , 20362
11 , 10 , 20363
11 , 10 , 20364
11 , 10 , 20365
11 , 10 , 20366
11 , 10 , 20367
11 , 10 , 20368
11 , 10 , 20369
11 , 10 , 20382
11 , 10 , 20383
11 , 10 , 20384
11 , 10 , 20385
11 , 10 , 20386
11 , 10 , 20387
11 , 10 , 20388
11 , 10 , 20389
11 , 10 , 20390
11 , 10 , 20391
11 , 10 , 20392
11 , 10 , 20393
11 , 10 , 20394
11 , 10 , 20395
11 , 10 , 20396
11 , 10 , 20397
11 , 10 , 20398
11 , 10 , 20399
11 , 10 , 20400
11 , 10 , 20401
11 , 10 , 20402
11 , 10 , 20403
11 , 10 , 20404
11 , 10 , 20405
11 , 10 , 20406
11 , 10 , 20407
11 , 10 , 20408
11 , 10 , 20409
11 , 10 , 20410
11 , 10 , 20411
11 , 10 , 20412
11 , 10 , 20413
11 , 10 , 20414
11 , 10 , 20415
11 , 10 , 20416
11 , 10 , 20417
11 , 10 , 20418
11 , 10 , 20419
11 , 10 , 20420
11 , 10 , 20433
11 , 10 , 20434
11 , 10 , 20435
11 , 10 , 20436
11 , 10 , 20437
11 , 10 , 20438
11 , 10 , 20439
11 , 10 , 20440
11 , 10 , 20441
11 , 10 , 20442
11 , 10 , 20443
11 , 10 , 20444
11 , 10 , 20445
11 , 10 , 20446
11 , 10 , 20447
11 , 10 , 20448
11 , 10 , 20449
11 , 10 , 20450
11 , 10 , 20451
11 , 10 , 20452
11 , 10 , 20453
11 , 10 , 20454
11 , 10 , 20455
11 , 10 , 20456
11 , 10 , 20457
11 , 10 , 20458
11 , 10 , 20459
11 , 10 , 20460
11 , 10 , 20461
11 , 10 , 20462
11 , 10 , 20463
11 , 10 , 20464
11 , 10 , 20465
11 , 10 , 20466
11 , 10 , 20467
11 , 10 , 20468
11 , 10 , 20469
11 , 10 , 20470
11 , 10 , 20471
11 , 10 , 20484
11 , 10 , 20485
11 , 10 , 20486
11 , 10 , 20487
11 , 10 , 20488
11 , 10 , 20489
11 , 10 , 20490
11 , 10 , 20491
11 , 10 , 20492
11 , 10 , 20493
11 , 10 , 20494
11 , 10 , 20495
11 , 10 , 20496
11 , 10 , 20497
11 , 10 , 20498
11 , 10 , 20499
11 , 10 , 20500
11 , 10 , 20501
11 , 10 , 20502
11 , 10 , 20503
11 , 10 , 20504
11 , 10 , 20505
11 , 10 , 20506
11 , 10 , 20507
11 , 10 , 20508
11 , 10 , 20509
11 , 10 , 20510
11 , 10 , 20511
11 , 10 , 20512
11 , 10 , 20513
11 , 10 , 20514
11 , 10 , 20515
11 , 10 , 20516
11 , 10 , 20517
11 , 10 , 20518
11 , 10 , 20519
11 , 10 , 20520
11 , 10 , 20521
11 , 10 , 20522
11 , 10 , 20535
11 , 10 , 20536
11 , 10 , 20537
11 , 10 , 20538
11 , 10 , 20539
11 , 10 , 20540
11 , 10 , 20541
11 , 10 , 20542
11 , 10 , 20543
11 , 10 , 20544
11 , 10 , 20545
11 , 10 , 20546
11 , 10 , 20547
11 , 10 , 20548
11 , 10 , 20549
11 , 10 , 20550
11 , 10 , 20551
11 , 10 , 20552
11 , 10 , 20553
11 , 10 , 20554
11 , 10 , 20555
11 , 10 , 20556
11 , 10 , 20557
11 , 10 , 20558
11 , 10 , 20559
11 , 10 , 20560
11 , 10 , 20561
11 , 10 , 20562
11 , 10 , 20563
11 , 10 , 20564
11 , 10 , 20565
11 , 10 , 20566
11 , 10 , 20567
11 , 10 , 20568
11 , 10 , 20569
11 , 10 , 20570
11 , 10 , 20571
11 , 10 , 20572
11 , 10 , 20573
11 , 10 , 20586
11 , 10 , 20587
11 , 10 , 20588
11 , 10 , 20589
11 , 10 , 20590
11 , 10 , 20591
11 , 10 , 20592
11 , 10 , 20593
11 , 10 , 20594
11 , 10 , 20595
11 , 10 , 20596
11 , 10 , 20597
11 , 10 , 20598
11 , 10 , 20599
11 , 10 , 20600
11 , 10 , 20601
11 , 10 , 20602
11 , 10 , 20603
11 , 10 , 20604
11 , 10 , 20605
11 , 10 , 20606
11 , 10 , 20607
11 , 10 , 20608
11 , 10 , 20609
11 , 10 , 20610
11 , 10 , 20611
11 , 10 , 20612
11 , 10 , 20613
11 , 10 , 20614
11 , 10 , 20615
11 , 10 , 20616
11 , 10 , 20617
11 , 10 , 20618
11 , 10 , 20619
11 , 10 , 20620
11 , 10 , 20621
11 , 10 , 20622
11 , 10 , 20623
11 , 10 , 20624
11 , 10 , 20637
11 , 10 , 20638
11 , 10 , 20639
11 , 10 , 20640
11 , 10 , 20641
11 , 10 , 20642
11 , 10 , 20643
11 , 10 , 20644
11 , 10 , 20645
11 , 10 , 20646
11 , 10 , 20647
11 , 10 , 20648
11 , 10 , 20649
11 , 10 , 20650
11 , 10 , 20651
11 , 10 , 20652
11 , 10 , 20653
11 , 10 , 20654
11 , 10 , 20655
11 , 10 , 20656
11 , 10 , 20657
11 , 10 , 20658
11 , 10 , 20659
11 , 10 , 20660
11 , 10 , 20661
11 , 10 , 20662
11 , 10 , 20663
11 , 10 , 20664
11 , 10 , 20665
11 , 10 , 20666
11 , 10 , 20667
11 , 10 , 20668
11 , 10 , 20669
11 , 10 , 20670
11 , 10 , 20671
11 , 10 , 20672
11 , 10 , 20673
11 , 10 , 20674
11 , 10 , 20675
11 , 10 , 20688
11 , 10 , 20689
11 , 10 , 20690
11 , 10 , 20691
11 , 10 , 20692
11 , 10 , 20693
11 , 10 , 20694
11 , 10 , 20695
11 , 10 , 20696
11 , 10 , 20697
11 , 10 , 20698
11 , 10 , 20699
11 , 10 , 20700
11 , 10 , 20701
11 , 10 , 20702
11 , 10 , 20703
11 , 10 , 20704
11 , 10 , 20705
11 , 10 , 20706
11 , 10 , 20707
11 , 10 , 20708
11 , 10 , 20709
11 , 10 , 20710
11 , 10 , 20711
11 , 10 , 20712
11 , 10 , 20713
11 , 10 , 20714
11 , 10 , 20715
11 , 10 , 20716
11 , 10 , 20717
11 , 10 , 20718
11 , 10 , 20719
11 , 10 , 20720
11 , 10 , 20721
11 , 10 , 20722
11 , 10 , 20723
11 , 10 , 20724
11 , 10 , 20725
11 , 10 , 20726
11 , 10 , 20739
11 , 10 , 20740
11 , 10 , 20741
11 , 10 , 20742
11 , 10 , 20743
11 , 10 , 20744
11 , 10 , 20745
11 , 10 , 20746
11 , 10 , 20747
11 , 10 , 20748
11 , 10 , 20749
11 , 10 , 20750
11 , 10 , 20751
11 , 10 , 20752
11 , 10 , 20753
11 , 10 , 20754
11 , 10 , 20755
11 , 10 , 20756
11 , 10 , 20757
11 , 10 , 20758
11 , 10 , 20759
11 , 10 , 20760
11 , 10 , 20761
11 , 10 , 20762
11 , 10 , 20763
11 , 10 , 20764
11 , 10 , 20765
11 , 10 , 20766
11 , 10 , 20767
11 , 10 , 20768
11 , 10 , 20769
11 , 10 , 20770
11 , 10 , 20771
11 , 10 , 20772
11 , 10 , 20773
11 , 10 , 20774
11 , 10 , 20775
11 , 10 , 20776
11 , 10 , 20777
11 , 10 , 20790
11 , 10 , 20791
11 , 10 , 20792
11 , 10 , 20793
11 , 10 , 20794
11 , 10 , 20795
11 , 10 , 20796
11 , 10 , 20797
11 , 10 , 20798
11 , 10 , 20799
11 , 10 , 20800
11 , 10 , 20801
11 , 10 , 20802
11 , 10 , 20803
11 , 10 , 20804
11 , 10 , 20805
11 , 10 , 20806
11 , 10 , 20807
11 , 10 , 20808
11 , 10 , 20809
11 , 10 , 20810
11 , 10 , 20811
11 , 10 , 20812
11 , 10 , 20813
11 , 10 , 20814
11 , 10 , 20815
11 , 10 , 20816
11 , 10 , 20817
11 , 10 , 20818
11 , 10 , 20819
11 , 10 , 20820
11 , 10 , 20821
11 , 10 , 20822
11 , 10 , 20823
11 , 10 , 20824
11 , 10 , 20825
11 , 10 , 20826
11 , 10 , 20827
11 , 10 , 20828
11 , 10 , 20841
11 , 10 , 20842
11 , 10 , 20843
11 , 10 , 20844
11 , 10 , 20845
11 , 10 , 20846
11 , 10 , 20847
11 , 10 , 20848
11 , 10 , 20849
11 , 10 , 20850
11 , 10 , 20851
11 , 10 , 20852
11 , 10 , 20853
11 , 10 , 20854
11 , 10 , 20855
11 , 10 , 20856
11 , 10 , 20857
11 , 10 , 20858
11 , 10 , 20859
11 , 10 , 20860
11 , 10 , 20861
11 , 10 , 20862
11 , 10 , 20863
11 , 10 , 20864
11 , 10 , 20865
11 , 10 , 20866
11 , 10 , 20867
11 , 10 , 20868
11 , 10 , 20869
11 , 10 , 20870
11 , 10 , 20871
11 , 10 , 20872
11 , 10 , 20873
11 , 10 , 20874
11 , 10 , 20875
11 , 10 , 20876
11 , 10 , 20877
11 , 10 , 20878
11 , 10 , 20879
11 , 10 , 20892
11 , 10 , 20893
11 , 10 , 20894
11 , 10 , 20895
11 , 10 , 20896
11 , 10 , 20897
11 , 10 , 20898
11 , 10 , 20899
11 , 10 , 20900
11 , 10 , 20901
11 , 10 , 20902
11 , 10 , 20903
11 , 10 , 20904
11 , 10 , 20905
11 , 10 , 20906
11 , 10 , 20907
11 , 10 , 20908
11 , 10 , 20909
11 , 10 , 20910
11 , 10 , 20911
11 , 10 , 20912
11 , 10 , 20913
11 , 10 , 20914
11 , 10 , 20915
11 , 10 , 20916
11 , 10 , 20917
11 , 10 , 20918
11 , 10 , 20919
11 , 10 , 20920
11 , 10 , 20921
11 , 10 , 20922
11 , 10 , 20923
11 , 10 , 20924
11 , 10 , 20925
11 , 10 , 20926
11 , 10 , 20927
11 , 10 , 20928
11 , 10 , 20929
11 , 10 , 20930
11 , 10 , 20943
11 , 10 , 20944
11 , 10 , 20945
11 , 10 , 20946
11 , 10 , 20947
11 , 10 , 20948
11 , 10 , 20949
11 , 10 , 20950
11 , 10 , 20951
11 , 10 , 20952
11 , 10 , 20953
11 , 10 , 20954
11 , 10 , 20955
11 , 10 , 20956
11 , 10 , 20957
11 , 10 , 20958
11 , 10 , 20959
11 , 10 , 20960
11 , 10 , 20961
11 , 10 , 20962
11 , 10 , 20963
11 , 10 , 20964
11 , 10 , 20965
11 , 10 , 20966
11 , 10 , 20967
11 , 10 , 20968
11 , 10 , 20969
11 , 10 , 20970
11 , 10 , 20971
11 , 10 , 20972
11 , 10 , 20973
11 , 10 , 20974
11 , 10 , 20975
11 , 10 , 20976
11 , 10 , 20977
11 , 10 , 20978
11 , 10 , 20979
11 , 10 , 20980
11 , 10 , 20981
11 , 10 , 20994
11 , 10 , 20995
11 , 10 , 20996
11 , 10 , 20997
11 , 10 , 20998
11 , 10 , 20999
11 , 10 , 21000
11 , 10 , 21001
11 , 10 , 21002
11 , 10 , 21003
11 , 10 , 21004
11 , 10 , 21005
11 , 10 , 21006
11 , 10 , 21007
11 , 10 , 21008
11 , 10 , 21009
11 , 10 , 21010
11 , 10 , 21011
11 , 10 , 21012
11 , 10 , 21013
11 , 10 , 21014
11 , 10 , 21015
11 , 10 , 21016
11 , 10 , 21017
11 , 10 , 21018
11 , 10 , 21019
11 , 10 , 21020
11 , 10 , 21021
11 , 10 , 21022
11 , 10 , 21023
11 , 10 , 21024
11 , 10 , 21025
11 , 10 , 21026
11 , 10 , 21027
11 , 10 , 21028
11 , 10 , 21029
11 , 10 , 21030
11 , 10 , 21031
11 , 10 , 21032
11 , 10 , 21045
11 , 10 , 21046
11 , 10 , 21047
11 , 10 , 21048
11 , 10 , 21049
11 , 10 , 21050
11 , 10 , 21051
11 , 10 , 21052
11 , 10 , 21053
11 , 10 , 21054
11 , 10 , 21055
11 , 10 , 21056
11 , 10 , 21057
11 , 10 , 21058
11 , 10 , 21059
11 , 10 , 21060
11 , 10 , 21061
11 , 10 , 21062
11 , 10 , 21063
11 , 10 , 21064
11 , 10 , 21065
11 , 10 , 21066
11 , 10 , 21067
11 , 10 , 21068
11 , 10 , 21069
11 , 10 , 21070
11 , 10 , 21071
11 , 10 , 21072
11 , 10 , 21073
11 , 10 , 21074
11 , 10 , 21075
11 , 10 , 21076
11 , 10 , 21077
11 , 10 , 21078
11 , 10 , 21079
11 , 10 , 21080
11 , 10 , 21081
11 , 10 , 21082
11 , 10 , 21083
11 , 10 , 21096
11 , 10 , 21097
11 , 10 , 21098
11 , 10 , 21099
11 , 10 , 21100
11 , 10 , 21101
11 , 10 , 21102
11 , 10 , 21103
11 , 10 , 21104
11 , 10 , 21105
11 , 10 , 21106
11 , 10 , 21107
11 , 10 , 21108
11 , 10 , 21109
11 , 10 , 21110
11 , 10 , 21111
11 , 10 , 21112
11 , 10 , 21113
11 , 10 , 21114
11 , 10 , 21115
11 , 10 , 21116
11 , 10 , 21117
11 , 10 , 21118
11 , 10 , 21119
11 , 10 , 21120
11 , 10 , 21121
11 , 10 , 21122
11 , 10 , 21123
11 , 10 , 21124
11 , 10 , 21125
11 , 10 , 21126
11 , 10 , 21127
11 , 10 , 21128
11 , 10 , 21129
11 , 10 , 21130
11 , 10 , 21131
11 , 10 , 21132
11 , 10 , 21133
11 , 10 , 21134
11 , 10 , 21147
11 , 10 , 21148
11 , 10 , 21149
11 , 10 , 21150
11 , 10 , 21151
11 , 10 , 21152
11 , 10 , 21153
11 , 10 , 21154
11 , 10 , 21155
11 , 10 , 21156
11 , 10 , 21157
11 , 10 , 21158
11 , 10 , 21159
11 , 10 , 21160
11 , 10 , 21161
11 , 10 , 21162
11 , 10 , 21163
11 , 10 , 21164
11 , 10 , 21165
11 , 10 , 21166
11 , 10 , 21167
11 , 10 , 21168
11 , 10 , 21169
11 , 10 , 21170
11 , 10 , 21171
11 , 10 , 21172
11 , 10 , 21173
11 , 10 , 21174
11 , 10 , 21175
11 , 10 , 21176
11 , 10 , 21177
11 , 10 , 21178
11 , 10 , 21179
11 , 10 , 21180
11 , 10 , 21181
11 , 10 , 21182
11 , 10 , 21183
11 , 10 , 21184
11 , 10 , 21185
11 , 10 , 21198
11 , 10 , 21199
11 , 10 , 21200
11 , 10 , 21201
11 , 10 , 21202
11 , 10 , 21203
11 , 10 , 21204
11 , 10 , 21205
11 , 10 , 21206
11 , 10 , 21207
11 , 10 , 21208
11 , 10 , 21209
11 , 10 , 21210
11 , 10 , 21211
11 , 10 , 21212
11 , 10 , 21213
11 , 10 , 21214
11 , 10 , 21215
11 , 10 , 21216
11 , 10 , 21217
11 , 10 , 21218
11 , 10 , 21219
11 , 10 , 21220
11 , 10 , 21221
11 , 10 , 21222
11 , 10 , 21223
11 , 10 , 21224
11 , 10 , 21225
11 , 10 , 21226
11 , 10 , 21227
11 , 10 , 21228
11 , 10 , 21229
11 , 10 , 21230
11 , 10 , 21231
11 , 10 , 21232
11 , 10 , 21233
11 , 10 , 21234
11 , 10 , 21235
11 , 10 , 21236
11 , 10 , 21249
11 , 10 , 21250
11 , 10 , 21251
11 , 10 , 21252
11 , 10 , 21253
11 , 10 , 21254
11 , 10 , 21255
11 , 10 , 21256
11 , 10 , 21257
11 , 10 , 21258
11 , 10 , 21259
11 , 10 , 21260
11 , 10 , 21261
11 , 10 , 21262
11 , 10 , 21263
11 , 10 , 21264
11 , 10 , 21265
11 , 10 , 21266
11 , 10 , 21267
11 , 10 , 21268
11 , 10 , 21269
11 , 10 , 21270
11 , 10 , 21271
11 , 10 , 21272
11 , 10 , 21273
11 , 10 , 21274
11 , 10 , 21275
11 , 10 , 21276
11 , 10 , 21277
11 , 10 , 21278
11 , 10 , 21279
11 , 10 , 21280
11 , 10 , 21281
11 , 10 , 21282
11 , 10 , 21283
11 , 10 , 21284
11 , 10 , 21285
11 , 10 , 21286
11 , 10 , 21287
11 , 10 , 21300
11 , 10 , 21301
11 , 10 , 21302
11 , 10 , 21303
11 , 10 , 21304
11 , 10 , 21305
11 , 10 , 21306
11 , 10 , 21307
11 , 10 , 21308
11 , 10 , 21309
11 , 10 , 21310
11 , 10 , 21311
11 , 10 , 21312
11 , 10 , 21313
11 , 10 , 21314
11 , 10 , 21315
11 , 10 , 21316
11 , 10 , 21317
11 , 10 , 21318
11 , 10 , 21319
11 , 10 , 21320
11 , 10 , 21321
11 , 10 , 21322
11 , 10 , 21323
11 , 10 , 21324
11 , 10 , 21325
11 , 10 , 21326
11 , 10 , 21327
11 , 10 , 21328
11 , 10 , 21329
11 , 10 , 21330
11 , 10 , 21331
11 , 10 , 21332
11 , 10 , 21333
11 , 10 , 21334
11 , 10 , 21335
11 , 10 , 21336
11 , 10 , 21337
11 , 10 , 21338
11 , 10 , 21351
11 , 10 , 21352
11 , 10 , 21353
11 , 10 , 21354
11 , 10 , 21355
11 , 10 , 21356
11 , 10 , 21357
11 , 10 , 21358
11 , 10 , 21359
11 , 10 , 21360
11 , 10 , 21361
11 , 10 , 21362
11 , 10 , 21363
11 , 10 , 21364
11 , 10 , 21365
11 , 10 , 21366
11 , 10 , 21367
11 , 10 , 21368
11 , 10 , 21369
11 , 10 , 21370
11 , 10 , 21371
11 , 10 , 21372
11 , 10 , 21373
11 , 10 , 21374
11 , 10 , 21375
11 , 10 , 21376
11 , 10 , 21377
11 , 10 , 21378
11 , 10 , 21379
11 , 10 , 21380
11 , 10 , 21381
11 , 10 , 21382
11 , 10 , 21383
11 , 10 , 21384
11 , 10 , 21385
11 , 10 , 21386
11 , 10 , 21387
11 , 10 , 21388
11 , 10 , 21389
11 , 10 , 21402
11 , 10 , 21403
11 , 10 , 21404
11 , 10 , 21405
11 , 10 , 21406
11 , 10 , 21407
11 , 10 , 21408
11 , 10 , 21409
11 , 10 , 21410
11 , 10 , 21411
11 , 10 , 21412
11 , 10 , 21413
11 , 10 , 21414
11 , 10 , 21415
11 , 10 , 21416
11 , 10 , 21417
11 , 10 , 21418
11 , 10 , 21419
11 , 10 , 21420
11 , 10 , 21421
11 , 10 , 21422
11 , 10 , 21423
11 , 10 , 21424
11 , 10 , 21425
11 , 10 , 21426
11 , 10 , 21427
11 , 10 , 21428
11 , 10 , 21429
11 , 10 , 21430
11 , 10 , 21431
11 , 10 , 21432
11 , 10 , 21433
11 , 10 , 21434
11 , 10 , 21435
11 , 10 , 21436
11 , 10 , 21437
11 , 10 , 21438
11 , 10 , 21439
11 , 10 , 21440
11 , 10 , 21453
11 , 10 , 21454
11 , 10 , 21455
11 , 10 , 21456
11 , 10 , 21457
11 , 10 , 21458
11 , 10 , 21459
11 , 10 , 21460
11 , 10 , 21461
11 , 10 , 21462
11 , 10 , 21463
11 , 10 , 21464
11 , 10 , 21465
11 , 10 , 21466
11 , 10 , 21467
11 , 10 , 21468
11 , 10 , 21469
11 , 10 , 21470
11 , 10 , 21471
11 , 10 , 21472
11 , 10 , 21473
11 , 10 , 21474
11 , 10 , 21475
11 , 10 , 21476
11 , 10 , 21477
11 , 10 , 21478
11 , 10 , 21479
11 , 10 , 21480
11 , 10 , 21481
11 , 10 , 21482
11 , 10 , 21483
11 , 10 , 21484
11 , 10 , 21485
11 , 10 , 21486
11 , 10 , 21487
11 , 10 , 21488
11 , 10 , 21489
11 , 10 , 21490
11 , 10 , 21491
11 , 10 , 21504
11 , 10 , 21505
11 , 10 , 21506
11 , 10 , 21507
11 , 10 , 21508
11 , 10 , 21509
11 , 10 , 21510
11 , 10 , 21511
11 , 10 , 21512
11 , 10 , 21513
11 , 10 , 21514
11 , 10 , 21515
11 , 10 , 21516
11 , 10 , 21517
11 , 10 , 21518
11 , 10 , 21519
11 , 10 , 21520
11 , 10 , 21521
11 , 10 , 21522
11 , 10 , 21523
11 , 10 , 21524
11 , 10 , 21525
11 , 10 , 21526
11 , 10 , 21527
11 , 10 , 21528
11 , 10 , 21529
11 , 10 , 21530
11 , 10 , 21531
11 , 10 , 21532
11 , 10 , 21533
11 , 10 , 21534
11 , 10 , 21535
11 , 10 , 21536
11 , 10 , 21537
11 , 10 , 21538
11 , 10 , 21539
11 , 10 , 21540
11 , 10 , 21541
11 , 10 , 21542
11 , 10 , 21555
11 , 10 , 21556
11 , 10 , 21557
11 , 10 , 21558
11 , 10 , 21559
11 , 10 , 21560
11 , 10 , 21561
11 , 10 , 21562
11 , 10 , 21563
11 , 10 , 21564
11 , 10 , 21565
11 , 10 , 21566
11 , 10 , 21567
11 , 10 , 21568
11 , 10 , 21569
11 , 10 , 21570
11 , 10 , 21571
11 , 10 , 21572
11 , 10 , 21573
11 , 10 , 21574
11 , 10 , 21575
11 , 10 , 21576
11 , 10 , 21577
11 , 10 , 21578
11 , 10 , 21579
11 , 10 , 21580
11 , 10 , 21581
11 , 10 , 21582
11 , 10 , 21583
11 , 10 , 21584
11 , 10 , 21585
11 , 10 , 21586
11 , 10 , 21587
11 , 10 , 21588
11 , 10 , 21589
11 , 10 , 21590
11 , 10 , 21591
11 , 10 , 21592
11 , 10 , 21593
11 , 10 , 21606
11 , 10 , 21607
11 , 10 , 21608
11 , 10 , 21609
11 , 10 , 21610
11 , 10 , 21611
11 , 10 , 21612
11 , 10 , 21613
11 , 10 , 21614
11 , 10 , 21615
11 , 10 , 21616
11 , 10 , 21617
11 , 10 , 21618
11 , 10 , 21619
11 , 10 , 21620
11 , 10 , 21621
11 , 10 , 21622
11 , 10 , 21623
11 , 10 , 21624
11 , 10 , 21625
11 , 10 , 21626
11 , 10 , 21627
11 , 10 , 21628
11 , 10 , 21629
11 , 10 , 21630
11 , 10 , 21631
11 , 10 , 21632
11 , 10 , 21633
11 , 10 , 21634
11 , 10 , 21635
11 , 10 , 21636
11 , 10 , 21637
11 , 10 , 21638
11 , 10 , 21639
11 , 10 , 21640
11 , 10 , 21641
11 , 10 , 21642
11 , 10 , 21643
11 , 10 , 21644
11 , 10 , 21657
11 , 10 , 21658
11 , 10 , 21659
11 , 10 , 21660
11 , 10 , 21661
11 , 10 , 21662
11 , 10 , 21663
11 , 10 , 21664
11 , 10 , 21665
11 , 10 , 21666
11 , 10 , 21667
11 , 10 , 21668
11 , 10 , 21669
11 , 10 , 21670
11 , 10 , 21671
11 , 10 , 21672
11 , 10 , 21673
11 , 10 , 21674
11 , 10 , 21675
11 , 10 , 21676
11 , 10 , 21677
11 , 10 , 21678
11 , 10 , 21679
11 , 10 , 21680
11 , 10 , 21681
11 , 10 , 21682
11 , 10 , 21683
11 , 10 , 21684
11 , 10 , 21685
11 , 10 , 21686
11 , 10 , 21687
11 , 10 , 21688
11 , 10 , 21689
11 , 10 , 21690
11 , 10 , 21691
11 , 10 , 21692
11 , 10 , 21693
11 , 10 , 21694
11 , 10 , 21695
11 , 10 , 21708
11 , 10 , 21709
11 , 10 , 21710
11 , 10 , 21711
11 , 10 , 21712
11 , 10 , 21713
11 , 10 , 21714
11 , 10 , 21715
11 , 10 , 21716
11 , 10 , 21717
11 , 10 , 21718
11 , 10 , 21719
11 , 10 , 21720
11 , 10 , 21721
11 , 10 , 21722
11 , 10 , 21723
11 , 10 , 21724
11 , 10 , 21725
11 , 10 , 21726
11 , 10 , 21727
11 , 10 , 21728
11 , 10 , 21729
11 , 10 , 21730
11 , 10 , 21731
11 , 10 , 21732
11 , 10 , 21733
11 , 10 , 21734
11 , 10 , 21735
11 , 10 , 21736
11 , 10 , 21737
11 , 10 , 21738
11 , 10 , 21739
11 , 10 , 21740
11 , 10 , 21741
11 , 10 , 21742
11 , 10 , 21743
11 , 10 , 21744
11 , 10 , 21745
11 , 10 , 21746
11 , 10 , 21759
11 , 10 , 21760
11 , 10 , 21761
11 , 10 , 21762
11 , 10 , 21763
11 , 10 , 21764
11 , 10 , 21765
11 , 10 , 21766
11 , 10 , 21767
11 , 10 , 21768
11 , 10 , 21769
11 , 10 , 21770
11 , 10 , 21771
11 , 10 , 21772
11 , 10 , 21773
11 , 10 , 21774
11 , 10 , 21775
11 , 10 , 21776
11 , 10 , 21777
11 , 10 , 21778
11 , 10 , 21779
11 , 10 , 21780
11 , 10 , 21781
11 , 10 , 21782
11 , 10 , 21783
11 , 10 , 21784
11 , 10 , 21785
11 , 10 , 21786
11 , 10 , 21787
11 , 10 , 21788
11 , 10 , 21789
11 , 10 , 21790
11 , 10 , 21791
11 , 10 , 21792
11 , 10 , 21793
11 , 10 , 21794
11 , 10 , 21795
11 , 10 , 21796
11 , 10 , 21797
11 , 10 , 21810
11 , 10 , 21811
11 , 10 , 21812
11 , 10 , 21813
11 , 10 , 21814
11 , 10 , 21815
11 , 10 , 21816
11 , 10 , 21817
11 , 10 , 21818
11 , 10 , 21819
11 , 10 , 21820
11 , 10 , 21821
11 , 10 , 21822
11 , 10 , 21823
11 , 10 , 21824
11 , 10 , 21825
11 , 10 , 21826
11 , 10 , 21827
11 , 10 , 21828
11 , 10 , 21829
11 , 10 , 21830
11 , 10 , 21831
11 , 10 , 21832
11 , 10 , 21833
11 , 10 , 21834
11 , 10 , 21835
11 , 10 , 21836
11 , 10 , 21837
11 , 10 , 21838
11 , 10 , 21839
11 , 10 , 21840
11 , 10 , 21841
11 , 10 , 21842
11 , 10 , 21843
11 , 10 , 21844
11 , 10 , 21845
11 , 10 , 21846
11 , 10 , 21847
11 , 10 , 21848
11 , 10 , 21861
11 , 10 , 21862
11 , 10 , 21863
11 , 10 , 21864
11 , 10 , 21865
11 , 10 , 21866
11 , 10 , 21867
11 , 10 , 21868
11 , 10 , 21869
11 , 10 , 21870
11 , 10 , 21871
11 , 10 , 21872
11 , 10 , 21873
11 , 10 , 21874
11 , 10 , 21875
11 , 10 , 21876
11 , 10 , 21877
11 , 10 , 21878
11 , 10 , 21879
11 , 10 , 21880
11 , 10 , 21881
11 , 10 , 21882
11 , 10 , 21883
11 , 10 , 21884
11 , 10 , 21885
11 , 10 , 21886
11 , 10 , 21887
11 , 10 , 21888
11 , 10 , 21889
11 , 10 , 21890
11 , 10 , 21891
11 , 10 , 21892
11 , 10 , 21893
11 , 10 , 21894
11 , 10 , 21895
11 , 10 , 21896
11 , 10 , 21897
11 , 10 , 21898
11 , 10 , 21899
11 , 10 , 21912
11 , 10 , 21913
11 , 10 , 21914
11 , 10 , 21915
11 , 10 , 21916
11 , 10 , 21917
11 , 10 , 21918
11 , 10 , 21919
11 , 10 , 21920
11 , 10 , 21921
11 , 10 , 21922
11 , 10 , 21923
11 , 10 , 21924
11 , 10 , 21925
11 , 10 , 21926
11 , 10 , 21927
11 , 10 , 21928
11 , 10 , 21929
11 , 10 , 21930
11 , 10 , 21931
11 , 10 , 21932
11 , 10 , 21933
11 , 10 , 21934
11 , 10 , 21935
11 , 10 , 21936
11 , 10 , 21937
11 , 10 , 21938
11 , 10 , 21939
11 , 10 , 21940
11 , 10 , 21941
11 , 10 , 21942
11 , 10 , 21943
11 , 10 , 21944
11 , 10 , 21945
11 , 10 , 21946
11 , 10 , 21947
11 , 10 , 21948
11 , 10 , 21949
11 , 10 , 21950
11 , 10 , 21963
11 , 10 , 21964
11 , 10 , 21965
11 , 10 , 21966
11 , 10 , 21967
11 , 10 , 21968
11 , 10 , 21969
11 , 10 , 21970
11 , 10 , 21971
11 , 10 , 21972
11 , 10 , 21973
11 , 10 , 21974
11 , 10 , 21975
11 , 10 , 21976
11 , 10 , 21977
11 , 10 , 21978
11 , 10 , 21979
11 , 10 , 21980
11 , 10 , 21981
11 , 10 , 21982
11 , 10 , 21983
11 , 10 , 21984
11 , 10 , 21985
11 , 10 , 21986
11 , 10 , 21987
11 , 10 , 21988
11 , 10 , 21989
11 , 10 , 21990
11 , 10 , 21991
11 , 10 , 21992
11 , 10 , 21993
11 , 10 , 21994
11 , 10 , 21995
11 , 10 , 21996
11 , 10 , 21997
11 , 10 , 21998
11 , 10 , 21999
11 , 10 , 22000
11 , 10 , 22001
11 , 10 , 22014
11 , 10 , 22015
11 , 10 , 22016
11 , 10 , 22017
11 , 10 , 22018
11 , 10 , 22019
11 , 10 , 22020
11 , 10 , 22021
11 , 10 , 22022
11 , 10 , 22023
11 , 10 , 22024
11 , 10 , 22025
11 , 10 , 22026
11 , 10 , 22027
11 , 10 , 22028
11 , 10 , 22029
11 , 10 , 22030
11 , 10 , 22031
11 , 10 , 22032
11 , 10 , 22033
11 , 10 , 22034
11 , 10 , 22035
11 , 10 , 22036
11 , 10 , 22037
11 , 10 , 22038
11 , 10 , 22039
11 , 10 , 22040
11 , 10 , 22041
11 , 10 , 22042
11 , 10 , 22043
11 , 10 , 22044
11 , 10 , 22045
11 , 10 , 22046
11 , 10 , 22047
11 , 10 , 22048
11 , 10 , 22049
11 , 10 , 22050
11 , 10 , 22051
11 , 10 , 22052
11 , 10 , 22065
11 , 10 , 22066
11 , 10 , 22067
11 , 10 , 22068
11 , 10 , 22069
11 , 10 , 22070
11 , 10 , 22071
11 , 10 , 22072
11 , 10 , 22073
11 , 10 , 22074
11 , 10 , 22075
11 , 10 , 22076
11 , 10 , 22077
11 , 10 , 22078
11 , 10 , 22079
11 , 10 , 22080
11 , 10 , 22081
11 , 10 , 22082
11 , 10 , 22083
11 , 10 , 22084
11 , 10 , 22085
11 , 10 , 22086
11 , 10 , 22087
11 , 10 , 22088
11 , 10 , 22089
11 , 10 , 22090
11 , 10 , 22091
11 , 10 , 22092
11 , 10 , 22093
11 , 10 , 22094
11 , 10 , 22095
11 , 10 , 22096
11 , 10 , 22097
11 , 10 , 22098
11 , 10 , 22099
11 , 10 , 22100
11 , 10 , 22101
11 , 10 , 22102
11 , 10 , 22103
11 , 10 , 22116
11 , 10 , 22117
11 , 10 , 22118
11 , 10 , 22119
11 , 10 , 22120
11 , 10 , 22121
11 , 10 , 22122
11 , 10 , 22123
11 , 10 , 22124
11 , 10 , 22125
11 , 10 , 22126
11 , 10 , 22127
11 , 10 , 22128
11 , 10 , 22129
11 , 10 , 22130
11 , 10 , 22131
11 , 10 , 22132
11 , 10 , 22133
11 , 10 , 22134
11 , 10 , 22135
11 , 10 , 22136
11 , 10 , 22137
11 , 10 , 22138
11 , 10 , 22139
11 , 10 , 22140
11 , 10 , 22141
11 , 10 , 22142
11 , 10 , 22143
11 , 10 , 22144
11 , 10 , 22145
11 , 10 , 22146
11 , 10 , 22147
11 , 10 , 22148
11 , 10 , 22149
11 , 10 , 22150
11 , 10 , 22151
11 , 10 , 22152
11 , 10 , 22153
11 , 10 , 22154
11 , 10 , 22167
11 , 10 , 22168
11 , 10 , 22169
11 , 10 , 22170
11 , 10 , 22171
11 , 10 , 22172
11 , 10 , 22173
11 , 10 , 22174
11 , 10 , 22175
11 , 10 , 22176
11 , 10 , 22177
11 , 10 , 22178
11 , 10 , 22179
11 , 10 , 22180
11 , 10 , 22181
11 , 10 , 22182
11 , 10 , 22183
11 , 10 , 22184
11 , 10 , 22185
11 , 10 , 22186
11 , 10 , 22187
11 , 10 , 22188
11 , 10 , 22189
11 , 10 , 22190
11 , 10 , 22191
11 , 10 , 22192
11 , 10 , 22193
11 , 10 , 22194
11 , 10 , 22195
11 , 10 , 22196
11 , 10 , 22197
11 , 10 , 22198
11 , 10 , 22199
11 , 10 , 22200
11 , 10 , 22201
11 , 10 , 22202
11 , 10 , 22203
11 , 10 , 22204
11 , 10 , 22205
11 , 10 , 22218
11 , 10 , 22219
11 , 10 , 22220
11 , 10 , 22221
11 , 10 , 22222
11 , 10 , 22223
11 , 10 , 22224
11 , 10 , 22225
11 , 10 , 22226
11 , 10 , 22227
11 , 10 , 22228
11 , 10 , 22229
11 , 10 , 22230
11 , 10 , 22231
11 , 10 , 22232
11 , 10 , 22233
11 , 10 , 22234
11 , 10 , 22235
11 , 10 , 22236
11 , 10 , 22237
11 , 10 , 22238
11 , 10 , 22239
11 , 10 , 22240
11 , 10 , 22241
11 , 10 , 22242
11 , 10 , 22243
11 , 10 , 22244
11 , 10 , 22245
11 , 10 , 22246
11 , 10 , 22247
11 , 10 , 22248
11 , 10 , 22249
11 , 10 , 22250
11 , 10 , 22251
11 , 10 , 22252
11 , 10 , 22253
11 , 10 , 22254
11 , 10 , 22255
11 , 10 , 22256
11 , 10 , 22269
11 , 10 , 22270
11 , 10 , 22271
11 , 10 , 22272
11 , 10 , 22273
11 , 10 , 22274
11 , 10 , 22275
11 , 10 , 22276
11 , 10 , 22277
11 , 10 , 22278
11 , 10 , 22279
11 , 10 , 22280
11 , 10 , 22281
11 , 10 , 22282
11 , 10 , 22283
11 , 10 , 22284
11 , 10 , 22285
11 , 10 , 22286
11 , 10 , 22287
11 , 10 , 22288
11 , 10 , 22289
11 , 10 , 22290
11 , 10 , 22291
11 , 10 , 22292
11 , 10 , 22293
11 , 10 , 22294
11 , 10 , 22295
11 , 10 , 22296
11 , 10 , 22297
11 , 10 , 22298
11 , 10 , 22299
11 , 10 , 22300
11 , 10 , 22301
11 , 10 , 22302
11 , 10 , 22303
11 , 10 , 22304
11 , 10 , 22305
11 , 10 , 22306
11 , 10 , 22307
