7 , 4 , 22282
7 , 4 , 22283
7 , 4 , 22284
7 , 4 , 22285
7 , 4 , 22286
7 , 4 , 22287
7 , 4 , 22288
7 , 4 , 22289
7 , 4 , 22290
7 , 4 , 22291
7 , 4 , 22292
7 , 4 , 22293
7 , 4 , 22294
7 , 4 , 22295
7 , 4 , 22296
7 , 4 , 22297
7 , 4 , 22298
7 , 4 , 22299
7 , 4 , 22300
7 , 4 , 22301
7 , 4 , 22302
7 , 4 , 22303
7 , 4 , 22304
7 , 4 , 22305
7 , 4 , 22306
7 , 4 , 22307
7 , 5 , 21294
7 , 5 , 21295
7 , 5 , 21296
7 , 5 , 21297
7 , 5 , 21298
7 , 5 , 21299
7 , 5 , 21300
7 , 5 , 21301
7 , 5 , 21302
7 , 5 , 21303
7 , 5 , 21304
7 , 5 , 21305
7 , 5 , 21306
7 , 5 , 21307
7 , 5 , 21308
7 , 5 , 21309
7 , 5 , 21310
7 , 5 , 21311
7 , 5 , 21312
7 , 5 , 21313
7 , 5 , 21314
7 , 5 , 21315
7 , 5 , 21316
7 , 5 , 21317
7 , 5 , 21318
7 , 5 , 21319
7 , 5 , 21320
7 , 5 , 21321
7 , 5 , 21322
7 , 5 , 21323
7 , 5 , 21324
7 , 5 , 21325
7 , 5 , 21326
7 , 5 , 21327
7 , 5 , 21328
7 , 5 , 21329
7 , 5 , 21330
7 , 5 , 21331
7 , 5 , 21332
7 , 5 , 21333
7 , 5 , 21334
7 , 5 , 21335
7 , 5 , 21336
7 , 5 , 21337
7 , 5 , 21338
7 , 5 , 21339
7 , 5 , 21340
7 , 5 , 21341
7 , 5 , 21342
7 , 5 , 21343
7 , 5 , 21344
7 , 5 , 21345
7 , 5 , 21346
7 , 5 , 21347
7 , 5 , 21348
7 , 5 , 21349
7 , 5 , 21350
7 , 5 , 21351
7 , 5 , 21352
7 , 5 , 21353
7 , 5 , 21354
7 , 5 , 21355
7 , 5 , 21356
7 , 5 , 21357
7 , 5 , 21358
7 , 5 , 21359
7 , 5 , 21360
7 , 5 , 21361
7 , 5 , 21362
7 , 5 , 21363
7 , 5 , 21364
7 , 5 , 21365
7 , 5 , 21366
7 , 5 , 21367
7 , 5 , 21368
7 , 5 , 21369
7 , 5 , 21370
7 , 5 , 21371
7 , 5 , 21372
7 , 5 , 21373
7 , 5 , 21374
7 , 5 , 21375
7 , 5 , 21376
7 , 5 , 21377
7 , 5 , 21378
7 , 5 , 21379
7 , 5 , 21380
7 , 5 , 21381
7 , 5 , 21382
7 , 5 , 21383
7 , 5 , 21384
7 , 5 , 21385
7 , 5 , 21386
7 , 5 , 21387
7 , 5 , 21388
7 , 5 , 21389
7 , 5 , 21390
7 , 5 , 21391
7 , 5 , 21392
7 , 5 , 21393
7 , 5 , 21394
7 , 5 , 21395
7 , 5 , 21396
7 , 5 , 21397
7 , 5 , 21398
7 , 5 , 21399
7 , 5 , 21400
7 , 5 , 21401
7 , 5 , 21402
7 , 5 , 21403
7 , 5 , 21404
7 , 5 , 21405
7 , 5 , 21406
7 , 5 , 21407
7 , 5 , 21408
7 , 5 , 21409
7 , 5 , 21410
7 , 5 , 21411
7 , 5 , 21412
7 , 5 , 21413
7 , 5 , 21414
7 , 5 , 21415
7 , 5 , 21416
7 , 5 , 21417
7 , 5 , 21418
7 , 5 , 21419
7 , 5 , 21420
7 , 5 , 21421
7 , 5 , 21422
7 , 5 , 21423
7 , 5 , 21424
7 , 5 , 21425
7 , 5 , 21426
7 , 5 , 21427
7 , 5 , 21428
7 , 5 , 21429
7 , 5 , 21430
7 , 5 , 21431
7 , 5 , 21432
7 , 5 , 21433
7 , 5 , 21434
7 , 5 , 21435
7 , 5 , 21436
7 , 5 , 21437
7 , 5 , 21438
7 , 5 , 21439
7 , 5 , 21440
7 , 5 , 21441
7 , 5 , 21442
7 , 5 , 21443
7 , 5 , 21444
7 , 5 , 21445
7 , 5 , 21446
7 , 5 , 21447
7 , 5 , 21448
7 , 5 , 21449
7 , 5 , 21450
7 , 5 , 21451
7 , 5 , 21452
7 , 5 , 21453
7 , 5 , 21454
7 , 5 , 21455
7 , 5 , 21456
7 , 5 , 21457
7 , 5 , 21458
7 , 5 , 21459
7 , 5 , 21460
7 , 5 , 21461
7 , 5 , 21462
7 , 5 , 21463
7 , 5 , 21464
7 , 5 , 21465
7 , 5 , 21466
7 , 5 , 21467
7 , 5 , 21468
7 , 5 , 21469
7 , 5 , 21470
7 , 5 , 21471
7 , 5 , 21472
7 , 5 , 21473
7 , 5 , 21474
7 , 5 , 21475
7 , 5 , 21476
7 , 5 , 21477
7 , 5 , 21478
7 , 5 , 21479
7 , 5 , 21480
7 , 5 , 21481
7 , 5 , 21482
7 , 5 , 21483
7 , 5 , 21484
7 , 5 , 21485
7 , 5 , 21486
7 , 5 , 21487
7 , 5 , 21488
7 , 5 , 21489
7 , 5 , 21490
7 , 5 , 21491
7 , 5 , 21492
7 , 5 , 21493
7 , 5 , 21494
7 , 5 , 21495
7 , 5 , 21496
7 , 5 , 21497
7 , 5 , 21498
7 , 5 , 21499
7 , 5 , 21500
7 , 5 , 21501
7 , 5 , 21502
7 , 5 , 21503
7 , 5 , 21504
7 , 5 , 21505
7 , 5 , 21506
7 , 5 , 21507
7 , 5 , 21508
7 , 5 , 21509
7 , 5 , 21510
7 , 5 , 21511
7 , 5 , 21512
7 , 5 , 21513
7 , 5 , 21514
7 , 5 , 21515
7 , 5 , 21516
7 , 5 , 21517
7 , 5 , 21518
7 , 5 , 21519
7 , 5 , 21520
7 , 5 , 21521
7 , 5 , 21522
7 , 5 , 21523
7 , 5 , 21524
7 , 5 , 21525
7 , 5 , 21526
7 , 5 , 21527
7 , 5 , 21528
7 , 5 , 21529
7 , 5 , 21530
7 , 5 , 21531
7 , 5 , 21532
7 , 5 , 21533
7 , 5 , 21534
7 , 5 , 21535
7 , 5 , 21536
7 , 5 , 21537
7 , 5 , 21538
7 , 5 , 21539
7 , 5 , 21540
7 , 5 , 21541
7 , 5 , 21542
7 , 5 , 21543
7 , 5 , 21544
7 , 5 , 21545
7 , 5 , 21546
7 , 5 , 21547
7 , 5 , 21548
7 , 5 , 21549
7 , 5 , 21550
7 , 5 , 21551
7 , 5 , 21552
7 , 5 , 21553
7 , 5 , 21554
7 , 5 , 21555
7 , 5 , 21556
7 , 5 , 21557
7 , 5 , 21558
7 , 5 , 21559
7 , 5 , 21560
7 , 5 , 21561
7 , 5 , 21562
7 , 5 , 21563
7 , 5 , 21564
7 , 5 , 21565
7 , 5 , 21566
7 , 5 , 21567
7 , 5 , 21568
7 , 5 , 21569
7 , 5 , 21570
7 , 5 , 21571
7 , 5 , 21572
7 , 5 , 21573
7 , 5 , 21574
7 , 5 , 21575
7 , 5 , 21576
7 , 5 , 21577
7 , 5 , 21578
7 , 5 , 21579
7 , 5 , 21580
7 , 5 , 21581
7 , 5 , 21582
7 , 5 , 21583
7 , 5 , 21584
7 , 5 , 21585
7 , 5 , 21586
7 , 5 , 21587
7 , 5 , 21588
7 , 5 , 21589
7 , 5 , 21590
7 , 5 , 21591
7 , 5 , 21592
7 , 5 , 21593
7 , 5 , 21594
7 , 5 , 21595
7 , 5 , 21596
7 , 5 , 21597
7 , 5 , 21598
7 , 5 , 21599
7 , 5 , 21600
7 , 5 , 21601
7 , 5 , 21602
7 , 5 , 21603
7 , 5 , 21604
7 , 5 , 21605
7 , 5 , 21606
7 , 5 , 21607
7 , 5 , 21608
7 , 5 , 21609
7 , 5 , 21610
7 , 5 , 21611
7 , 5 , 21612
7 , 5 , 21613
7 , 5 , 21614
7 , 5 , 21615
7 , 5 , 21616
7 , 5 , 21617
7 , 5 , 21618
7 , 5 , 21619
7 , 5 , 21620
7 , 5 , 21621
7 , 5 , 21622
7 , 5 , 21623
7 , 5 , 21624
7 , 5 , 21625
7 , 5 , 21626
7 , 5 , 21627
7 , 5 , 21628
7 , 5 , 21629
7 , 5 , 21630
7 , 5 , 21631
7 , 5 , 21632
7 , 5 , 21633
7 , 5 , 21634
7 , 5 , 21635
7 , 5 , 21636
7 , 5 , 21637
7 , 5 , 21638
7 , 5 , 21639
7 , 5 , 21640
7 , 5 , 21641
7 , 5 , 21642
7 , 5 , 21643
7 , 5 , 21644
7 , 5 , 21645
7 , 5 , 21646
7 , 5 , 21647
7 , 5 , 21648
7 , 5 , 21649
7 , 5 , 21650
7 , 5 , 21651
7 , 5 , 21652
7 , 5 , 21653
7 , 5 , 21654
7 , 5 , 21655
7 , 5 , 21656
7 , 5 , 21657
7 , 5 , 21658
7 , 5 , 21659
7 , 5 , 21660
7 , 5 , 21661
7 , 5 , 21662
7 , 5 , 21663
7 , 5 , 21664
7 , 5 , 21665
7 , 5 , 21666
7 , 5 , 21667
7 , 5 , 21668
7 , 5 , 21669
7 , 5 , 21670
7 , 5 , 21671
7 , 5 , 21672
7 , 5 , 21673
7 , 5 , 21674
7 , 5 , 21675
7 , 5 , 21676
7 , 5 , 21677
7 , 5 , 21678
7 , 5 , 21679
7 , 5 , 21680
7 , 5 , 21681
7 , 5 , 21682
7 , 5 , 21683
7 , 5 , 21684
7 , 5 , 21685
7 , 5 , 21686
7 , 5 , 21687
7 , 5 , 21688
7 , 5 , 21689
7 , 5 , 21690
7 , 5 , 21691
7 , 5 , 21692
7 , 5 , 21693
7 , 5 , 21694
7 , 5 , 21695
7 , 5 , 21696
7 , 5 , 21697
7 , 5 , 21698
7 , 5 , 21699
7 , 5 , 21700
7 , 5 , 21701
7 , 5 , 21702
7 , 5 , 21703
7 , 5 , 21704
7 , 5 , 21705
7 , 5 , 21706
7 , 5 , 21707
7 , 5 , 21708
7 , 5 , 21709
7 , 5 , 21710
7 , 5 , 21711
7 , 5 , 21712
7 , 5 , 21713
7 , 5 , 21714
7 , 5 , 21715
7 , 5 , 21716
7 , 5 , 21717
7 , 5 , 21718
7 , 5 , 21719
7 , 5 , 21720
7 , 5 , 21721
7 , 5 , 21722
7 , 5 , 21723
7 , 5 , 21724
7 , 5 , 21725
7 , 5 , 21726
7 , 5 , 21727
7 , 5 , 21728
7 , 5 , 21729
7 , 5 , 21730
7 , 5 , 21731
7 , 5 , 21732
7 , 5 , 21733
7 , 5 , 21734
7 , 5 , 21735
7 , 5 , 21736
7 , 5 , 21737
7 , 5 , 21738
7 , 5 , 21739
7 , 5 , 21740
7 , 5 , 21741
7 , 5 , 21742
7 , 5 , 21743
7 , 5 , 21744
7 , 5 , 21745
7 , 5 , 21746
7 , 5 , 21747
7 , 5 , 21748
7 , 5 , 21749
7 , 5 , 21750
7 , 5 , 21751
7 , 5 , 21752
7 , 5 , 21753
7 , 5 , 21754
7 , 5 , 21755
7 , 5 , 21756
7 , 5 , 21757
7 , 5 , 21758
7 , 5 , 21759
7 , 5 , 21760
7 , 5 , 21761
7 , 5 , 21762
7 , 5 , 21763
7 , 5 , 21764
7 , 5 , 21765
7 , 5 , 21766
7 , 5 , 21767
7 , 5 , 21768
7 , 5 , 21769
7 , 5 , 21770
7 , 5 , 21771
7 , 5 , 21772
7 , 5 , 21773
7 , 5 , 21774
7 , 5 , 21775
7 , 5 , 21776
7 , 5 , 21777
7 , 5 , 21778
7 , 5 , 21779
7 , 5 , 21780
7 , 5 , 21781
7 , 5 , 21782
7 , 5 , 21783
7 , 5 , 21784
7 , 5 , 21785
7 , 5 , 21786
7 , 5 , 21787
7 , 5 , 21788
7 , 5 , 21789
7 , 5 , 21790
7 , 5 , 21791
7 , 5 , 21792
7 , 5 , 21793
7 , 5 , 21794
7 , 5 , 21795
7 , 5 , 21796
7 , 5 , 21797
7 , 5 , 21798
7 , 5 , 21799
7 , 5 , 21800
7 , 5 , 21801
7 , 5 , 21802
7 , 5 , 21803
7 , 5 , 21804
7 , 5 , 21805
7 , 5 , 21806
7 , 5 , 21807
7 , 5 , 21808
7 , 5 , 21809
7 , 5 , 21810
7 , 5 , 21811
7 , 5 , 21812
7 , 5 , 21813
7 , 5 , 21814
7 , 5 , 21815
7 , 5 , 21816
7 , 5 , 21817
7 , 5 , 21818
7 , 5 , 21819
7 , 5 , 21820
7 , 5 , 21821
7 , 5 , 21822
7 , 5 , 21823
7 , 5 , 21824
7 , 5 , 21825
7 , 5 , 21826
7 , 5 , 21827
7 , 5 , 21828
7 , 5 , 21829
7 , 5 , 21830
7 , 5 , 21831
7 , 5 , 21832
7 , 5 , 21833
7 , 5 , 21834
7 , 5 , 21835
7 , 5 , 21836
7 , 5 , 21837
7 , 5 , 21838
7 , 5 , 21839
7 , 5 , 21840
7 , 5 , 21841
7 , 5 , 21842
7 , 5 , 21843
7 , 5 , 21844
7 , 5 , 21845
7 , 5 , 21846
7 , 5 , 21847
7 , 5 , 21848
7 , 5 , 21849
7 , 5 , 21850
7 , 5 , 21851
7 , 5 , 21852
7 , 5 , 21853
7 , 5 , 21854
7 , 5 , 21855
7 , 5 , 21856
7 , 5 , 21857
7 , 5 , 21858
7 , 5 , 21859
7 , 5 , 21860
7 , 5 , 21861
7 , 5 , 21862
7 , 5 , 21863
7 , 5 , 21864
7 , 5 , 21865
7 , 5 , 21866
7 , 5 , 21867
7 , 5 , 21868
7 , 5 , 21869
7 , 5 , 21870
7 , 5 , 21871
7 , 5 , 21872
7 , 5 , 21873
7 , 5 , 21874
7 , 5 , 21875
7 , 5 , 21876
7 , 5 , 21877
7 , 5 , 21878
7 , 5 , 21879
7 , 5 , 21880
7 , 5 , 21881
7 , 5 , 21882
7 , 5 , 21883
7 , 5 , 21884
7 , 5 , 21885
7 , 5 , 21886
7 , 5 , 21887
7 , 5 , 21888
7 , 5 , 21889
7 , 5 , 21890
7 , 5 , 21891
7 , 5 , 21892
7 , 5 , 21893
7 , 5 , 21894
7 , 5 , 21895
7 , 5 , 21896
7 , 5 , 21897
7 , 5 , 21898
7 , 5 , 21899
7 , 5 , 21900
7 , 5 , 21901
7 , 5 , 21902
7 , 5 , 21903
7 , 5 , 21904
7 , 5 , 21905
7 , 5 , 21906
7 , 5 , 21907
7 , 5 , 21908
7 , 5 , 21909
7 , 5 , 21910
7 , 5 , 21911
7 , 5 , 21912
7 , 5 , 21913
7 , 5 , 21914
7 , 5 , 21915
7 , 5 , 21916
7 , 5 , 21917
7 , 5 , 21918
7 , 5 , 21919
7 , 5 , 21920
7 , 5 , 21921
7 , 5 , 21922
7 , 5 , 21923
7 , 5 , 21924
7 , 5 , 21925
7 , 5 , 21926
7 , 5 , 21927
7 , 5 , 21928
7 , 5 , 21929
7 , 5 , 21930
7 , 5 , 21931
7 , 5 , 21932
7 , 5 , 21933
7 , 5 , 21934
7 , 5 , 21935
7 , 5 , 21936
7 , 5 , 21937
7 , 5 , 21938
7 , 5 , 21939
7 , 5 , 21940
7 , 5 , 21941
7 , 5 , 21942
7 , 5 , 21943
7 , 5 , 21944
7 , 5 , 21945
7 , 5 , 21946
7 , 5 , 21947
7 , 5 , 21948
7 , 5 , 21949
7 , 5 , 21950
7 , 5 , 21951
7 , 5 , 21952
7 , 5 , 21953
7 , 5 , 21954
7 , 5 , 21955
7 , 5 , 21956
7 , 5 , 21957
7 , 5 , 21958
7 , 5 , 21959
7 , 5 , 21960
7 , 5 , 21961
7 , 5 , 21962
7 , 5 , 21963
7 , 5 , 21964
7 , 5 , 21965
7 , 5 , 21966
7 , 5 , 21967
7 , 5 , 21968
7 , 5 , 21969
7 , 5 , 21970
7 , 5 , 21971
7 , 5 , 21972
7 , 5 , 21973
7 , 5 , 21974
7 , 5 , 21975
7 , 5 , 21976
7 , 5 , 21977
7 , 5 , 21978
7 , 5 , 21979
7 , 5 , 21980
7 , 5 , 21981
7 , 5 , 21982
7 , 5 , 21983
7 , 5 , 21984
7 , 5 , 21985
7 , 5 , 21986
7 , 5 , 21987
7 , 5 , 21988
7 , 5 , 21989
7 , 5 , 21990
7 , 5 , 21991
7 , 5 , 21992
7 , 5 , 21993
7 , 5 , 21994
7 , 5 , 21995
7 , 5 , 21996
7 , 5 , 21997
7 , 5 , 21998
7 , 5 , 21999
7 , 5 , 22000
7 , 5 , 22001
7 , 5 , 22002
7 , 5 , 22003
7 , 5 , 22004
7 , 5 , 22005
7 , 5 , 22006
7 , 5 , 22007
7 , 5 , 22008
7 , 5 , 22009
7 , 5 , 22010
7 , 5 , 22011
7 , 5 , 22012
7 , 5 , 22013
7 , 5 , 22014
7 , 5 , 22015
7 , 5 , 22016
7 , 5 , 22017
7 , 5 , 22018
7 , 5 , 22019
7 , 5 , 22020
7 , 5 , 22021
7 , 5 , 22022
7 , 5 , 22023
7 , 5 , 22024
7 , 5 , 22025
7 , 5 , 22026
7 , 5 , 22027
7 , 5 , 22028
7 , 5 , 22029
7 , 5 , 22030
7 , 5 , 22031
7 , 5 , 22032
7 , 5 , 22033
7 , 5 , 22034
7 , 5 , 22035
7 , 5 , 22036
7 , 5 , 22037
7 , 5 , 22038
7 , 5 , 22039
7 , 5 , 22040
7 , 5 , 22041
7 , 5 , 22042
7 , 5 , 22043
7 , 5 , 22044
7 , 5 , 22045
7 , 5 , 22046
7 , 5 , 22047
7 , 5 , 22048
7 , 5 , 22049
7 , 5 , 22050
7 , 5 , 22051
7 , 5 , 22052
7 , 5 , 22053
7 , 5 , 22054
7 , 5 , 22055
7 , 5 , 22056
7 , 5 , 22057
7 , 5 , 22058
7 , 5 , 22059
7 , 5 , 22060
7 , 5 , 22061
7 , 5 , 22062
7 , 5 , 22063
7 , 5 , 22064
7 , 5 , 22065
7 , 5 , 22066
7 , 5 , 22067
7 , 5 , 22068
7 , 5 , 22069
7 , 5 , 22070
7 , 5 , 22071
7 , 5 , 22072
7 , 5 , 22073
7 , 5 , 22074
7 , 5 , 22075
7 , 5 , 22076
7 , 5 , 22077
7 , 5 , 22078
7 , 5 , 22079
7 , 5 , 22080
7 , 5 , 22081
7 , 5 , 22082
7 , 5 , 22083
7 , 5 , 22084
7 , 5 , 22085
7 , 5 , 22086
7 , 5 , 22087
7 , 5 , 22088
7 , 5 , 22089
7 , 5 , 22090
7 , 5 , 22091
7 , 5 , 22092
7 , 5 , 22093
7 , 5 , 22094
7 , 5 , 22095
7 , 5 , 22096
7 , 5 , 22097
7 , 5 , 22098
7 , 5 , 22099
7 , 5 , 22100
7 , 5 , 22101
7 , 5 , 22102
7 , 5 , 22103
7 , 5 , 22104
7 , 5 , 22105
7 , 5 , 22106
7 , 5 , 22107
7 , 5 , 22108
7 , 5 , 22109
7 , 5 , 22110
7 , 5 , 22111
7 , 5 , 22112
7 , 5 , 22113
7 , 5 , 22114
7 , 5 , 22115
7 , 5 , 22116
7 , 5 , 22117
7 , 5 , 22118
7 , 5 , 22119
7 , 5 , 22120
7 , 5 , 22121
7 , 5 , 22122
7 , 5 , 22123
7 , 5 , 22124
7 , 5 , 22125
7 , 5 , 22126
7 , 5 , 22127
7 , 5 , 22128
7 , 5 , 22129
7 , 5 , 22130
7 , 5 , 22131
7 , 5 , 22132
7 , 5 , 22133
7 , 5 , 22134
7 , 5 , 22135
7 , 5 , 22136
7 , 5 , 22137
7 , 5 , 22138
7 , 5 , 22139
7 , 5 , 22140
7 , 5 , 22141
7 , 5 , 22142
7 , 5 , 22143
7 , 5 , 22144
7 , 5 , 22145
7 , 5 , 22146
7 , 5 , 22147
7 , 5 , 22148
7 , 5 , 22149
7 , 5 , 22150
7 , 5 , 22151
7 , 5 , 22152
7 , 5 , 22153
7 , 5 , 22154
7 , 5 , 22155
7 , 5 , 22156
7 , 5 , 22157
7 , 5 , 22158
7 , 5 , 22159
7 , 5 , 22160
7 , 5 , 22161
7 , 5 , 22162
7 , 5 , 22163
7 , 5 , 22164
7 , 5 , 22165
7 , 5 , 22166
7 , 5 , 22167
7 , 5 , 22168
7 , 5 , 22169
7 , 5 , 22170
7 , 5 , 22171
7 , 5 , 22172
7 , 5 , 22173
7 , 5 , 22174
7 , 5 , 22175
7 , 5 , 22176
7 , 5 , 22177
7 , 5 , 22178
7 , 5 , 22179
7 , 5 , 22180
7 , 5 , 22181
7 , 5 , 22182
7 , 5 , 22183
7 , 5 , 22184
7 , 5 , 22185
7 , 5 , 22186
7 , 5 , 22187
7 , 5 , 22188
7 , 5 , 22189
7 , 5 , 22190
7 , 5 , 22191
7 , 5 , 22192
7 , 5 , 22193
7 , 5 , 22194
7 , 5 , 22195
7 , 5 , 22196
7 , 5 , 22197
7 , 5 , 22198
7 , 5 , 22199
7 , 5 , 22200
7 , 5 , 22201
7 , 5 , 22202
7 , 5 , 22203
7 , 5 , 22204
7 , 5 , 22205
7 , 5 , 22206
7 , 5 , 22207
7 , 5 , 22208
7 , 5 , 22209
7 , 5 , 22210
7 , 5 , 22211
7 , 5 , 22212
7 , 5 , 22213
7 , 5 , 22214
7 , 5 , 22215
7 , 5 , 22216
7 , 5 , 22217
7 , 5 , 22218
7 , 5 , 22219
7 , 5 , 22220
7 , 5 , 22221
7 , 5 , 22222
7 , 5 , 22223
7 , 5 , 22224
7 , 5 , 22225
7 , 5 , 22226
7 , 5 , 22227
7 , 5 , 22228
7 , 5 , 22229
7 , 5 , 22230
7 , 5 , 22231
7 , 5 , 22232
7 , 5 , 22233
7 , 5 , 22234
7 , 5 , 22235
7 , 5 , 22236
7 , 5 , 22237
7 , 5 , 22238
7 , 5 , 22239
7 , 5 , 22240
7 , 5 , 22241
7 , 5 , 22242
7 , 5 , 22243
7 , 5 , 22244
7 , 5 , 22245
7 , 5 , 22246
7 , 5 , 22247
7 , 5 , 22248
7 , 5 , 22249
7 , 5 , 22250
7 , 5 , 22251
7 , 5 , 22252
7 , 5 , 22253
7 , 5 , 22254
7 , 5 , 22255
7 , 5 , 22256
7 , 5 , 22257
7 , 5 , 22258
7 , 5 , 22259
7 , 5 , 22260
7 , 5 , 22261
7 , 5 , 22262
7 , 5 , 22263
7 , 5 , 22264
7 , 5 , 22265
7 , 5 , 22266
7 , 5 , 22267
7 , 5 , 22268
7 , 5 , 22269
7 , 5 , 22270
7 , 5 , 22271
7 , 5 , 22272
7 , 5 , 22273
7 , 5 , 22274
7 , 5 , 22275
7 , 5 , 22276
7 , 5 , 22277
7 , 5 , 22278
7 , 5 , 22279
7 , 5 , 22280
7 , 5 , 22281
7 , 5 , 22282
7 , 5 , 22283
7 , 5 , 22284
7 , 5 , 22285
7 , 5 , 22286
7 , 5 , 22287
7 , 5 , 22288
7 , 5 , 22289
7 , 5 , 22290
7 , 5 , 22291
7 , 5 , 22292
7 , 5 , 22293
7 , 5 , 22294
7 , 5 , 22295
7 , 5 , 22296
7 , 5 , 22297
7 , 5 , 22298
7 , 5 , 22299
7 , 5 , 22300
7 , 5 , 22301
7 , 5 , 22302
7 , 5 , 22303
7 , 5 , 22304
7 , 5 , 22305
7 , 5 , 22306
7 , 5 , 22307
7 , 6 , 20748
7 , 6 , 20749
7 , 6 , 20750
7 , 6 , 20751
7 , 6 , 20752
7 , 6 , 20753
7 , 6 , 20754
7 , 6 , 20755
7 , 6 , 20756
7 , 6 , 20757
7 , 6 , 20758
7 , 6 , 20759
7 , 6 , 20760
7 , 6 , 20761
7 , 6 , 20762
7 , 6 , 20763
7 , 6 , 20764
7 , 6 , 20765
7 , 6 , 20766
7 , 6 , 20767
7 , 6 , 20768
7 , 6 , 20769
7 , 6 , 20770
7 , 6 , 20771
7 , 6 , 20772
7 , 6 , 20773
7 , 6 , 20774
7 , 6 , 20775
7 , 6 , 20776
7 , 6 , 20777
7 , 6 , 20778
7 , 6 , 20779
7 , 6 , 20780
7 , 6 , 20781
7 , 6 , 20782
7 , 6 , 20783
7 , 6 , 20784
7 , 6 , 20785
7 , 6 , 20786
7 , 6 , 20787
7 , 6 , 20788
7 , 6 , 20789
7 , 6 , 20790
7 , 6 , 20791
7 , 6 , 20792
7 , 6 , 20793
7 , 6 , 20794
7 , 6 , 20795
7 , 6 , 20796
7 , 6 , 20797
7 , 6 , 20798
7 , 6 , 20799
7 , 6 , 20800
7 , 6 , 20801
7 , 6 , 20802
7 , 6 , 20803
7 , 6 , 20804
7 , 6 , 20805
7 , 6 , 20806
7 , 6 , 20807
7 , 6 , 20808
7 , 6 , 20809
7 , 6 , 20810
7 , 6 , 20811
7 , 6 , 20812
7 , 6 , 20813
7 , 6 , 20814
7 , 6 , 20815
7 , 6 , 20816
7 , 6 , 20817
7 , 6 , 20818
7 , 6 , 20819
7 , 6 , 20820
7 , 6 , 20821
7 , 6 , 20822
7 , 6 , 20823
7 , 6 , 20824
7 , 6 , 20825
7 , 6 , 20826
7 , 6 , 20827
7 , 6 , 20828
7 , 6 , 20829
7 , 6 , 20830
7 , 6 , 20831
7 , 6 , 20832
7 , 6 , 20833
7 , 6 , 20834
7 , 6 , 20835
7 , 6 , 20836
7 , 6 , 20837
7 , 6 , 20838
7 , 6 , 20839
7 , 6 , 20840
7 , 6 , 20841
7 , 6 , 20842
7 , 6 , 20843
7 , 6 , 20844
7 , 6 , 20845
7 , 6 , 20846
7 , 6 , 20847
7 , 6 , 20848
7 , 6 , 20849
7 , 6 , 20850
7 , 6 , 20851
7 , 6 , 20852
7 , 6 , 20853
7 , 6 , 20854
7 , 6 , 20855
7 , 6 , 20856
7 , 6 , 20857
7 , 6 , 20858
7 , 6 , 20859
7 , 6 , 20860
7 , 6 , 20861
7 , 6 , 20862
7 , 6 , 20863
7 , 6 , 20864
7 , 6 , 20865
7 , 6 , 20866
7 , 6 , 20867
7 , 6 , 20868
7 , 6 , 20869
7 , 6 , 20870
7 , 6 , 20871
7 , 6 , 20872
7 , 6 , 20873
7 , 6 , 20874
7 , 6 , 20875
7 , 6 , 20876
7 , 6 , 20877
7 , 6 , 20878
7 , 6 , 20879
7 , 6 , 20880
7 , 6 , 20881
7 , 6 , 20882
7 , 6 , 20883
7 , 6 , 20884
7 , 6 , 20885
7 , 6 , 20886
7 , 6 , 20887
7 , 6 , 20888
7 , 6 , 20889
7 , 6 , 20890
7 , 6 , 20891
7 , 6 , 20892
7 , 6 , 20893
7 , 6 , 20894
7 , 6 , 20895
7 , 6 , 20896
7 , 6 , 20897
7 , 6 , 20898
7 , 6 , 20899
7 , 6 , 20900
7 , 6 , 20901
7 , 6 , 20902
7 , 6 , 20903
7 , 6 , 20904
7 , 6 , 20905
7 , 6 , 20906
7 , 6 , 20907
7 , 6 , 20908
7 , 6 , 20909
7 , 6 , 20910
7 , 6 , 20911
7 , 6 , 20912
7 , 6 , 20913
7 , 6 , 20914
7 , 6 , 20915
7 , 6 , 20916
7 , 6 , 20917
7 , 6 , 20918
7 , 6 , 20919
7 , 6 , 20920
7 , 6 , 20921
7 , 6 , 20922
7 , 6 , 20923
7 , 6 , 20924
7 , 6 , 20925
7 , 6 , 20926
7 , 6 , 20927
7 , 6 , 20928
7 , 6 , 20929
7 , 6 , 20930
7 , 6 , 20931
7 , 6 , 20932
7 , 6 , 20933
7 , 6 , 20934
7 , 6 , 20935
7 , 6 , 20936
7 , 6 , 20937
7 , 6 , 20938
7 , 6 , 20939
7 , 6 , 20940
7 , 6 , 20941
7 , 6 , 20942
7 , 6 , 20943
7 , 6 , 20944
7 , 6 , 20945
7 , 6 , 20946
7 , 6 , 20947
7 , 6 , 20948
7 , 6 , 20949
7 , 6 , 20950
7 , 6 , 20951
7 , 6 , 20952
7 , 6 , 20953
7 , 6 , 20954
7 , 6 , 20955
7 , 6 , 20956
7 , 6 , 20957
7 , 6 , 20958
7 , 6 , 20959
7 , 6 , 20960
7 , 6 , 20961
7 , 6 , 20962
7 , 6 , 20963
7 , 6 , 20964
7 , 6 , 20965
7 , 6 , 20966
7 , 6 , 20967
7 , 6 , 20968
7 , 6 , 20969
7 , 6 , 20970
7 , 6 , 20971
7 , 6 , 20972
7 , 6 , 20973
7 , 6 , 20974
7 , 6 , 20975
7 , 6 , 20976
7 , 6 , 20977
7 , 6 , 20978
7 , 6 , 20979
7 , 6 , 20980
7 , 6 , 20981
7 , 6 , 20982
7 , 6 , 20983
7 , 6 , 20984
7 , 6 , 20985
7 , 6 , 20986
7 , 6 , 20987
7 , 6 , 20988
7 , 6 , 20989
7 , 6 , 20990
7 , 6 , 20991
7 , 6 , 20992
7 , 6 , 20993
7 , 6 , 20994
7 , 6 , 20995
7 , 6 , 20996
7 , 6 , 20997
7 , 6 , 20998
7 , 6 , 20999
7 , 6 , 21000
7 , 6 , 21001
7 , 6 , 21002
7 , 6 , 21003
7 , 6 , 21004
7 , 6 , 21005
7 , 6 , 21006
7 , 6 , 21007
7 , 6 , 21008
7 , 6 , 21009
7 , 6 , 21010
7 , 6 , 21011
7 , 6 , 21012
7 , 6 , 21013
7 , 6 , 21014
7 , 6 , 21015
7 , 6 , 21016
7 , 6 , 21017
7 , 6 , 21018
7 , 6 , 21019
7 , 6 , 21020
7 , 6 , 21021
7 , 6 , 21022
7 , 6 , 21023
7 , 6 , 21024
7 , 6 , 21025
7 , 6 , 21026
7 , 6 , 21027
7 , 6 , 21028
7 , 6 , 21029
7 , 6 , 21030
7 , 6 , 21031
7 , 6 , 21032
7 , 6 , 21033
7 , 6 , 21034
7 , 6 , 21035
7 , 6 , 21036
7 , 6 , 21037
7 , 6 , 21038
7 , 6 , 21039
7 , 6 , 21040
7 , 6 , 21041
7 , 6 , 21042
7 , 6 , 21043
7 , 6 , 21044
7 , 6 , 21045
7 , 6 , 21046
7 , 6 , 21047
7 , 6 , 21048
7 , 6 , 21049
7 , 6 , 21050
7 , 6 , 21051
7 , 6 , 21052
7 , 6 , 21053
7 , 6 , 21054
7 , 6 , 21055
7 , 6 , 21056
7 , 6 , 21057
7 , 6 , 21058
7 , 6 , 21059
7 , 6 , 21060
7 , 6 , 21061
7 , 6 , 21062
7 , 6 , 21063
7 , 6 , 21064
7 , 6 , 21065
7 , 6 , 21066
7 , 6 , 21067
7 , 6 , 21068
7 , 6 , 21069
7 , 6 , 21070
7 , 6 , 21071
7 , 6 , 21072
7 , 6 , 21073
7 , 6 , 21074
7 , 6 , 21075
7 , 6 , 21076
7 , 6 , 21077
7 , 6 , 21078
7 , 6 , 21079
7 , 6 , 21080
7 , 6 , 21081
7 , 6 , 21082
7 , 6 , 21083
7 , 6 , 21084
7 , 6 , 21085
7 , 6 , 21086
7 , 6 , 21087
7 , 6 , 21088
7 , 6 , 21089
7 , 6 , 21090
7 , 6 , 21091
7 , 6 , 21092
7 , 6 , 21093
7 , 6 , 21094
7 , 6 , 21095
7 , 6 , 21096
7 , 6 , 21097
7 , 6 , 21098
7 , 6 , 21099
7 , 6 , 21100
7 , 6 , 21101
7 , 6 , 21102
7 , 6 , 21103
7 , 6 , 21104
7 , 6 , 21105
7 , 6 , 21106
7 , 6 , 21107
7 , 6 , 21108
7 , 6 , 21109
7 , 6 , 21110
7 , 6 , 21111
7 , 6 , 21112
7 , 6 , 21113
7 , 6 , 21114
7 , 6 , 21115
7 , 6 , 21116
7 , 6 , 21117
7 , 6 , 21118
7 , 6 , 21119
7 , 6 , 21120
7 , 6 , 21121
7 , 6 , 21122
7 , 6 , 21123
7 , 6 , 21124
7 , 6 , 21125
7 , 6 , 21126
7 , 6 , 21127
7 , 6 , 21128
7 , 6 , 21129
7 , 6 , 21130
7 , 6 , 21131
7 , 6 , 21132
7 , 6 , 21133
7 , 6 , 21134
7 , 6 , 21135
7 , 6 , 21136
7 , 6 , 21137
7 , 6 , 21138
7 , 6 , 21139
7 , 6 , 21140
7 , 6 , 21141
7 , 6 , 21142
7 , 6 , 21143
7 , 6 , 21144
7 , 6 , 21145
7 , 6 , 21146
7 , 6 , 21147
7 , 6 , 21148
7 , 6 , 21149
7 , 6 , 21150
7 , 6 , 21151
7 , 6 , 21152
7 , 6 , 21153
7 , 6 , 21154
7 , 6 , 21155
7 , 6 , 21156
7 , 6 , 21157
7 , 6 , 21158
7 , 6 , 21159
7 , 6 , 21160
7 , 6 , 21161
7 , 6 , 21162
7 , 6 , 21163
7 , 6 , 21164
7 , 6 , 21165
7 , 6 , 21166
7 , 6 , 21167
7 , 6 , 21168
7 , 6 , 21169
7 , 6 , 21170
7 , 6 , 21171
7 , 6 , 21172
7 , 6 , 21173
7 , 6 , 21174
7 , 6 , 21175
7 , 6 , 21176
7 , 6 , 21177
7 , 6 , 21178
7 , 6 , 21179
7 , 6 , 21180
7 , 6 , 21181
7 , 6 , 21182
7 , 6 , 21183
7 , 6 , 21184
7 , 6 , 21185
7 , 6 , 21186
7 , 6 , 21187
7 , 6 , 21188
7 , 6 , 21189
7 , 6 , 21190
7 , 6 , 21191
7 , 6 , 21192
7 , 6 , 21193
7 , 6 , 21194
7 , 6 , 21195
7 , 6 , 21196
7 , 6 , 21197
7 , 6 , 21198
7 , 6 , 21199
7 , 6 , 21200
7 , 6 , 21201
7 , 6 , 21202
7 , 6 , 21203
7 , 6 , 21204
7 , 6 , 21205
7 , 6 , 21206
7 , 6 , 21207
7 , 6 , 21208
7 , 6 , 21209
7 , 6 , 21210
7 , 6 , 21211
7 , 6 , 21212
7 , 6 , 21213
7 , 6 , 21214
7 , 6 , 21215
7 , 6 , 21216
7 , 6 , 21217
7 , 6 , 21218
7 , 6 , 21219
7 , 6 , 21220
7 , 6 , 21221
7 , 6 , 21222
7 , 6 , 21223
7 , 6 , 21224
7 , 6 , 21225
7 , 6 , 21226
7 , 6 , 21227
7 , 6 , 21228
7 , 6 , 21229
7 , 6 , 21230
7 , 6 , 21231
7 , 6 , 21232
7 , 6 , 21233
7 , 6 , 21234
7 , 6 , 21235
7 , 6 , 21236
7 , 6 , 21237
7 , 6 , 21238
7 , 6 , 21239
7 , 6 , 21240
7 , 6 , 21241
7 , 6 , 21242
7 , 6 , 21243
7 , 6 , 21244
7 , 6 , 21245
7 , 6 , 21246
7 , 6 , 21247
7 , 6 , 21248
7 , 6 , 21249
7 , 6 , 21250
7 , 6 , 21251
7 , 6 , 21252
7 , 6 , 21253
7 , 6 , 21254
7 , 6 , 21255
7 , 6 , 21256
7 , 6 , 21257
7 , 6 , 21258
7 , 6 , 21259
7 , 6 , 21260
7 , 6 , 21261
7 , 6 , 21262
7 , 6 , 21263
7 , 6 , 21264
7 , 6 , 21265
7 , 6 , 21266
7 , 6 , 21267
7 , 6 , 21268
7 , 6 , 21269
7 , 6 , 21270
7 , 6 , 21271
7 , 6 , 21272
7 , 6 , 21273
7 , 6 , 21274
7 , 6 , 21275
7 , 6 , 21276
7 , 6 , 21277
7 , 6 , 21278
7 , 6 , 21279
7 , 6 , 21280
7 , 6 , 21281
7 , 6 , 21282
7 , 6 , 21283
7 , 6 , 21284
7 , 6 , 21285
7 , 6 , 21286
7 , 6 , 21287
7 , 6 , 21288
7 , 6 , 21289
7 , 6 , 21290
7 , 6 , 21291
7 , 6 , 21292
7 , 6 , 21293
7 , 6 , 22282
7 , 6 , 22283
7 , 6 , 22284
7 , 6 , 22285
7 , 6 , 22286
7 , 6 , 22287
7 , 6 , 22288
7 , 6 , 22289
7 , 6 , 22290
7 , 6 , 22291
7 , 6 , 22292
7 , 6 , 22293
7 , 6 , 22294
7 , 6 , 22295
7 , 6 , 22296
7 , 6 , 22297
7 , 6 , 22298
7 , 6 , 22299
7 , 6 , 22300
7 , 6 , 22301
7 , 6 , 22302
7 , 6 , 22303
7 , 6 , 22304
7 , 6 , 22305
7 , 6 , 22306
7 , 6 , 22307
7 , 8 , 20748
7 , 8 , 20749
7 , 8 , 20750
7 , 8 , 20751
7 , 8 , 20752
7 , 8 , 20753
7 , 8 , 20754
7 , 8 , 20755
7 , 8 , 20756
7 , 8 , 20757
7 , 8 , 20758
7 , 8 , 20759
7 , 8 , 20760
7 , 8 , 20761
7 , 8 , 20762
7 , 8 , 20763
7 , 8 , 20764
7 , 8 , 20765
7 , 8 , 20766
7 , 8 , 20767
7 , 8 , 20768
7 , 8 , 20769
7 , 8 , 20770
7 , 8 , 20771
7 , 8 , 20772
7 , 8 , 20773
7 , 9 , 19760
7 , 9 , 19761
7 , 9 , 19762
7 , 9 , 19763
7 , 9 , 19764
7 , 9 , 19765
7 , 9 , 19766
7 , 9 , 19767
7 , 9 , 19768
7 , 9 , 19769
7 , 9 , 19770
7 , 9 , 19771
7 , 9 , 19772
7 , 9 , 19773
7 , 9 , 19774
7 , 9 , 19775
7 , 9 , 19776
7 , 9 , 19777
7 , 9 , 19778
7 , 9 , 19779
7 , 9 , 19780
7 , 9 , 19781
7 , 9 , 19782
7 , 9 , 19783
7 , 9 , 19784
7 , 9 , 19785
7 , 9 , 19786
7 , 9 , 19787
7 , 9 , 19788
7 , 9 , 19789
7 , 9 , 19790
7 , 9 , 19791
7 , 9 , 19792
7 , 9 , 19793
7 , 9 , 19794
7 , 9 , 19795
7 , 9 , 19796
7 , 9 , 19797
7 , 9 , 19798
7 , 9 , 19799
7 , 9 , 19800
7 , 9 , 19801
7 , 9 , 19802
7 , 9 , 19803
7 , 9 , 19804
7 , 9 , 19805
7 , 9 , 19806
7 , 9 , 19807
7 , 9 , 19808
7 , 9 , 19809
7 , 9 , 19810
7 , 9 , 19811
7 , 9 , 19812
7 , 9 , 19813
7 , 9 , 19814
7 , 9 , 19815
7 , 9 , 19816
7 , 9 , 19817
7 , 9 , 19818
7 , 9 , 19819
7 , 9 , 19820
7 , 9 , 19821
7 , 9 , 19822
7 , 9 , 19823
7 , 9 , 19824
7 , 9 , 19825
7 , 9 , 19826
7 , 9 , 19827
7 , 9 , 19828
7 , 9 , 19829
7 , 9 , 19830
7 , 9 , 19831
7 , 9 , 19832
7 , 9 , 19833
7 , 9 , 19834
7 , 9 , 19835
7 , 9 , 19836
7 , 9 , 19837
7 , 9 , 19838
7 , 9 , 19839
7 , 9 , 19840
7 , 9 , 19841
7 , 9 , 19842
7 , 9 , 19843
7 , 9 , 19844
7 , 9 , 19845
7 , 9 , 19846
7 , 9 , 19847
7 , 9 , 19848
7 , 9 , 19849
7 , 9 , 19850
7 , 9 , 19851
7 , 9 , 19852
7 , 9 , 19853
7 , 9 , 19854
7 , 9 , 19855
7 , 9 , 19856
7 , 9 , 19857
7 , 9 , 19858
7 , 9 , 19859
7 , 9 , 19860
7 , 9 , 19861
7 , 9 , 19862
7 , 9 , 19863
7 , 9 , 19864
7 , 9 , 19865
7 , 9 , 19866
7 , 9 , 19867
7 , 9 , 19868
7 , 9 , 19869
7 , 9 , 19870
7 , 9 , 19871
7 , 9 , 19872
7 , 9 , 19873
7 , 9 , 19874
7 , 9 , 19875
7 , 9 , 19876
7 , 9 , 19877
7 , 9 , 19878
7 , 9 , 19879
7 , 9 , 19880
7 , 9 , 19881
7 , 9 , 19882
7 , 9 , 19883
7 , 9 , 19884
7 , 9 , 19885
7 , 9 , 19886
7 , 9 , 19887
7 , 9 , 19888
7 , 9 , 19889
7 , 9 , 19890
7 , 9 , 19891
7 , 9 , 19892
7 , 9 , 19893
7 , 9 , 19894
7 , 9 , 19895
7 , 9 , 19896
7 , 9 , 19897
7 , 9 , 19898
7 , 9 , 19899
7 , 9 , 19900
7 , 9 , 19901
7 , 9 , 19902
7 , 9 , 19903
7 , 9 , 19904
7 , 9 , 19905
7 , 9 , 19906
7 , 9 , 19907
7 , 9 , 19908
7 , 9 , 19909
7 , 9 , 19910
7 , 9 , 19911
7 , 9 , 19912
7 , 9 , 19913
7 , 9 , 19914
7 , 9 , 19915
7 , 9 , 19916
7 , 9 , 19917
7 , 9 , 19918
7 , 9 , 19919
7 , 9 , 19920
7 , 9 , 19921
7 , 9 , 19922
7 , 9 , 19923
7 , 9 , 19924
7 , 9 , 19925
7 , 9 , 19926
7 , 9 , 19927
7 , 9 , 19928
7 , 9 , 19929
7 , 9 , 19930
7 , 9 , 19931
7 , 9 , 19932
7 , 9 , 19933
7 , 9 , 19934
7 , 9 , 19935
7 , 9 , 19936
7 , 9 , 19937
7 , 9 , 19938
7 , 9 , 19939
7 , 9 , 19940
7 , 9 , 19941
7 , 9 , 19942
7 , 9 , 19943
7 , 9 , 19944
7 , 9 , 19945
7 , 9 , 19946
7 , 9 , 19947
7 , 9 , 19948
7 , 9 , 19949
7 , 9 , 19950
7 , 9 , 19951
7 , 9 , 19952
7 , 9 , 19953
7 , 9 , 19954
7 , 9 , 19955
7 , 9 , 19956
7 , 9 , 19957
7 , 9 , 19958
7 , 9 , 19959
7 , 9 , 19960
7 , 9 , 19961
7 , 9 , 19962
7 , 9 , 19963
7 , 9 , 19964
7 , 9 , 19965
7 , 9 , 19966
7 , 9 , 19967
7 , 9 , 19968
7 , 9 , 19969
7 , 9 , 19970
7 , 9 , 19971
7 , 9 , 19972
7 , 9 , 19973
7 , 9 , 19974
7 , 9 , 19975
7 , 9 , 19976
7 , 9 , 19977
7 , 9 , 19978
7 , 9 , 19979
7 , 9 , 19980
7 , 9 , 19981
7 , 9 , 19982
7 , 9 , 19983
7 , 9 , 19984
7 , 9 , 19985
7 , 9 , 19986
7 , 9 , 19987
7 , 9 , 19988
7 , 9 , 19989
7 , 9 , 19990
7 , 9 , 19991
7 , 9 , 19992
7 , 9 , 19993
7 , 9 , 19994
7 , 9 , 19995
7 , 9 , 19996
7 , 9 , 19997
7 , 9 , 19998
7 , 9 , 19999
7 , 9 , 20000
7 , 9 , 20001
7 , 9 , 20002
7 , 9 , 20003
7 , 9 , 20004
7 , 9 , 20005
7 , 9 , 20006
7 , 9 , 20007
7 , 9 , 20008
7 , 9 , 20009
7 , 9 , 20010
7 , 9 , 20011
7 , 9 , 20012
7 , 9 , 20013
7 , 9 , 20014
7 , 9 , 20015
7 , 9 , 20016
7 , 9 , 20017
7 , 9 , 20018
7 , 9 , 20019
7 , 9 , 20020
7 , 9 , 20021
7 , 9 , 20022
7 , 9 , 20023
7 , 9 , 20024
7 , 9 , 20025
7 , 9 , 20026
7 , 9 , 20027
7 , 9 , 20028
7 , 9 , 20029
7 , 9 , 20030
7 , 9 , 20031
7 , 9 , 20032
7 , 9 , 20033
7 , 9 , 20034
7 , 9 , 20035
7 , 9 , 20036
7 , 9 , 20037
7 , 9 , 20038
7 , 9 , 20039
7 , 9 , 20040
7 , 9 , 20041
7 , 9 , 20042
7 , 9 , 20043
7 , 9 , 20044
7 , 9 , 20045
7 , 9 , 20046
7 , 9 , 20047
7 , 9 , 20048
7 , 9 , 20049
7 , 9 , 20050
7 , 9 , 20051
7 , 9 , 20052
7 , 9 , 20053
7 , 9 , 20054
7 , 9 , 20055
7 , 9 , 20056
7 , 9 , 20057
7 , 9 , 20058
7 , 9 , 20059
7 , 9 , 20060
7 , 9 , 20061
7 , 9 , 20062
7 , 9 , 20063
7 , 9 , 20064
7 , 9 , 20065
7 , 9 , 20066
7 , 9 , 20067
7 , 9 , 20068
7 , 9 , 20069
7 , 9 , 20070
7 , 9 , 20071
7 , 9 , 20072
7 , 9 , 20073
7 , 9 , 20074
7 , 9 , 20075
7 , 9 , 20076
7 , 9 , 20077
7 , 9 , 20078
7 , 9 , 20079
7 , 9 , 20080
7 , 9 , 20081
7 , 9 , 20082
7 , 9 , 20083
7 , 9 , 20084
7 , 9 , 20085
7 , 9 , 20086
7 , 9 , 20087
7 , 9 , 20088
7 , 9 , 20089
7 , 9 , 20090
7 , 9 , 20091
7 , 9 , 20092
7 , 9 , 20093
7 , 9 , 20094
7 , 9 , 20095
7 , 9 , 20096
7 , 9 , 20097
7 , 9 , 20098
7 , 9 , 20099
7 , 9 , 20100
7 , 9 , 20101
7 , 9 , 20102
7 , 9 , 20103
7 , 9 , 20104
7 , 9 , 20105
7 , 9 , 20106
7 , 9 , 20107
7 , 9 , 20108
7 , 9 , 20109
7 , 9 , 20110
7 , 9 , 20111
7 , 9 , 20112
7 , 9 , 20113
7 , 9 , 20114
7 , 9 , 20115
7 , 9 , 20116
7 , 9 , 20117
7 , 9 , 20118
7 , 9 , 20119
7 , 9 , 20120
7 , 9 , 20121
7 , 9 , 20122
7 , 9 , 20123
7 , 9 , 20124
7 , 9 , 20125
7 , 9 , 20126
7 , 9 , 20127
7 , 9 , 20128
7 , 9 , 20129
7 , 9 , 20130
7 , 9 , 20131
7 , 9 , 20132
7 , 9 , 20133
7 , 9 , 20134
7 , 9 , 20135
7 , 9 , 20136
7 , 9 , 20137
7 , 9 , 20138
7 , 9 , 20139
7 , 9 , 20140
7 , 9 , 20141
7 , 9 , 20142
7 , 9 , 20143
7 , 9 , 20144
7 , 9 , 20145
7 , 9 , 20146
7 , 9 , 20147
7 , 9 , 20148
7 , 9 , 20149
7 , 9 , 20150
7 , 9 , 20151
7 , 9 , 20152
7 , 9 , 20153
7 , 9 , 20154
7 , 9 , 20155
7 , 9 , 20156
7 , 9 , 20157
7 , 9 , 20158
7 , 9 , 20159
7 , 9 , 20160
7 , 9 , 20161
7 , 9 , 20162
7 , 9 , 20163
7 , 9 , 20164
7 , 9 , 20165
7 , 9 , 20166
7 , 9 , 20167
7 , 9 , 20168
7 , 9 , 20169
7 , 9 , 20170
7 , 9 , 20171
7 , 9 , 20172
7 , 9 , 20173
7 , 9 , 20174
7 , 9 , 20175
7 , 9 , 20176
7 , 9 , 20177
7 , 9 , 20178
7 , 9 , 20179
7 , 9 , 20180
7 , 9 , 20181
7 , 9 , 20182
7 , 9 , 20183
7 , 9 , 20184
7 , 9 , 20185
7 , 9 , 20186
7 , 9 , 20187
7 , 9 , 20188
7 , 9 , 20189
7 , 9 , 20190
7 , 9 , 20191
7 , 9 , 20192
7 , 9 , 20193
7 , 9 , 20194
7 , 9 , 20195
7 , 9 , 20196
7 , 9 , 20197
7 , 9 , 20198
7 , 9 , 20199
7 , 9 , 20200
7 , 9 , 20201
7 , 9 , 20202
7 , 9 , 20203
7 , 9 , 20204
7 , 9 , 20205
7 , 9 , 20206
7 , 9 , 20207
7 , 9 , 20208
7 , 9 , 20209
7 , 9 , 20210
7 , 9 , 20211
7 , 9 , 20212
7 , 9 , 20213
7 , 9 , 20214
7 , 9 , 20215
7 , 9 , 20216
7 , 9 , 20217
7 , 9 , 20218
7 , 9 , 20219
7 , 9 , 20220
7 , 9 , 20221
7 , 9 , 20222
7 , 9 , 20223
7 , 9 , 20224
7 , 9 , 20225
7 , 9 , 20226
7 , 9 , 20227
7 , 9 , 20228
7 , 9 , 20229
7 , 9 , 20230
7 , 9 , 20231
7 , 9 , 20232
7 , 9 , 20233
7 , 9 , 20234
7 , 9 , 20235
7 , 9 , 20236
7 , 9 , 20237
7 , 9 , 20238
7 , 9 , 20239
7 , 9 , 20240
7 , 9 , 20241
7 , 9 , 20242
7 , 9 , 20243
7 , 9 , 20244
7 , 9 , 20245
7 , 9 , 20246
7 , 9 , 20247
7 , 9 , 20248
7 , 9 , 20249
7 , 9 , 20250
7 , 9 , 20251
7 , 9 , 20252
7 , 9 , 20253
7 , 9 , 20254
7 , 9 , 20255
7 , 9 , 20256
7 , 9 , 20257
7 , 9 , 20258
7 , 9 , 20259
7 , 9 , 20260
7 , 9 , 20261
7 , 9 , 20262
7 , 9 , 20263
7 , 9 , 20264
7 , 9 , 20265
7 , 9 , 20266
7 , 9 , 20267
7 , 9 , 20268
7 , 9 , 20269
7 , 9 , 20270
7 , 9 , 20271
7 , 9 , 20272
7 , 9 , 20273
7 , 9 , 20274
7 , 9 , 20275
7 , 9 , 20276
7 , 9 , 20277
7 , 9 , 20278
7 , 9 , 20279
7 , 9 , 20280
7 , 9 , 20281
7 , 9 , 20282
7 , 9 , 20283
7 , 9 , 20284
7 , 9 , 20285
7 , 9 , 20286
7 , 9 , 20287
7 , 9 , 20288
7 , 9 , 20289
7 , 9 , 20290
7 , 9 , 20291
7 , 9 , 20292
7 , 9 , 20293
7 , 9 , 20294
7 , 9 , 20295
7 , 9 , 20296
7 , 9 , 20297
7 , 9 , 20298
7 , 9 , 20299
7 , 9 , 20300
7 , 9 , 20301
7 , 9 , 20302
7 , 9 , 20303
7 , 9 , 20304
7 , 9 , 20305
7 , 9 , 20306
7 , 9 , 20307
7 , 9 , 20308
7 , 9 , 20309
7 , 9 , 20310
7 , 9 , 20311
7 , 9 , 20312
7 , 9 , 20313
7 , 9 , 20314
7 , 9 , 20315
7 , 9 , 20316
7 , 9 , 20317
7 , 9 , 20318
7 , 9 , 20319
7 , 9 , 20320
7 , 9 , 20321
7 , 9 , 20322
7 , 9 , 20323
7 , 9 , 20324
7 , 9 , 20325
7 , 9 , 20326
7 , 9 , 20327
7 , 9 , 20328
7 , 9 , 20329
7 , 9 , 20330
7 , 9 , 20331
7 , 9 , 20332
7 , 9 , 20333
7 , 9 , 20334
7 , 9 , 20335
7 , 9 , 20336
7 , 9 , 20337
7 , 9 , 20338
7 , 9 , 20339
7 , 9 , 20340
7 , 9 , 20341
7 , 9 , 20342
7 , 9 , 20343
7 , 9 , 20344
7 , 9 , 20345
7 , 9 , 20346
7 , 9 , 20347
7 , 9 , 20348
7 , 9 , 20349
7 , 9 , 20350
7 , 9 , 20351
7 , 9 , 20352
7 , 9 , 20353
7 , 9 , 20354
7 , 9 , 20355
7 , 9 , 20356
7 , 9 , 20357
7 , 9 , 20358
7 , 9 , 20359
7 , 9 , 20360
7 , 9 , 20361
7 , 9 , 20362
7 , 9 , 20363
7 , 9 , 20364
7 , 9 , 20365
7 , 9 , 20366
7 , 9 , 20367
7 , 9 , 20368
7 , 9 , 20369
7 , 9 , 20370
7 , 9 , 20371
7 , 9 , 20372
7 , 9 , 20373
7 , 9 , 20374
7 , 9 , 20375
7 , 9 , 20376
7 , 9 , 20377
7 , 9 , 20378
7 , 9 , 20379
7 , 9 , 20380
7 , 9 , 20381
7 , 9 , 20382
7 , 9 , 20383
7 , 9 , 20384
7 , 9 , 20385
7 , 9 , 20386
7 , 9 , 20387
7 , 9 , 20388
7 , 9 , 20389
7 , 9 , 20390
7 , 9 , 20391
7 , 9 , 20392
7 , 9 , 20393
7 , 9 , 20394
7 , 9 , 20395
7 , 9 , 20396
7 , 9 , 20397
7 , 9 , 20398
7 , 9 , 20399
7 , 9 , 20400
7 , 9 , 20401
7 , 9 , 20402
7 , 9 , 20403
7 , 9 , 20404
7 , 9 , 20405
7 , 9 , 20406
7 , 9 , 20407
7 , 9 , 20408
7 , 9 , 20409
7 , 9 , 20410
7 , 9 , 20411
7 , 9 , 20412
7 , 9 , 20413
7 , 9 , 20414
7 , 9 , 20415
7 , 9 , 20416
7 , 9 , 20417
7 , 9 , 20418
7 , 9 , 20419
7 , 9 , 20420
7 , 9 , 20421
7 , 9 , 20422
7 , 9 , 20423
7 , 9 , 20424
7 , 9 , 20425
7 , 9 , 20426
7 , 9 , 20427
7 , 9 , 20428
7 , 9 , 20429
7 , 9 , 20430
7 , 9 , 20431
7 , 9 , 20432
7 , 9 , 20433
7 , 9 , 20434
7 , 9 , 20435
7 , 9 , 20436
7 , 9 , 20437
7 , 9 , 20438
7 , 9 , 20439
7 , 9 , 20440
7 , 9 , 20441
7 , 9 , 20442
7 , 9 , 20443
7 , 9 , 20444
7 , 9 , 20445
7 , 9 , 20446
7 , 9 , 20447
7 , 9 , 20448
7 , 9 , 20449
7 , 9 , 20450
7 , 9 , 20451
7 , 9 , 20452
7 , 9 , 20453
7 , 9 , 20454
7 , 9 , 20455
7 , 9 , 20456
7 , 9 , 20457
7 , 9 , 20458
7 , 9 , 20459
7 , 9 , 20460
7 , 9 , 20461
7 , 9 , 20462
7 , 9 , 20463
7 , 9 , 20464
7 , 9 , 20465
7 , 9 , 20466
7 , 9 , 20467
7 , 9 , 20468
7 , 9 , 20469
7 , 9 , 20470
7 , 9 , 20471
7 , 9 , 20472
7 , 9 , 20473
7 , 9 , 20474
7 , 9 , 20475
7 , 9 , 20476
7 , 9 , 20477
7 , 9 , 20478
7 , 9 , 20479
7 , 9 , 20480
7 , 9 , 20481
7 , 9 , 20482
7 , 9 , 20483
7 , 9 , 20484
7 , 9 , 20485
7 , 9 , 20486
7 , 9 , 20487
7 , 9 , 20488
7 , 9 , 20489
7 , 9 , 20490
7 , 9 , 20491
7 , 9 , 20492
7 , 9 , 20493
7 , 9 , 20494
7 , 9 , 20495
7 , 9 , 20496
7 , 9 , 20497
7 , 9 , 20498
7 , 9 , 20499
7 , 9 , 20500
7 , 9 , 20501
7 , 9 , 20502
7 , 9 , 20503
7 , 9 , 20504
7 , 9 , 20505
7 , 9 , 20506
7 , 9 , 20507
7 , 9 , 20508
7 , 9 , 20509
7 , 9 , 20510
7 , 9 , 20511
7 , 9 , 20512
7 , 9 , 20513
7 , 9 , 20514
7 , 9 , 20515
7 , 9 , 20516
7 , 9 , 20517
7 , 9 , 20518
7 , 9 , 20519
7 , 9 , 20520
7 , 9 , 20521
7 , 9 , 20522
7 , 9 , 20523
7 , 9 , 20524
7 , 9 , 20525
7 , 9 , 20526
7 , 9 , 20527
7 , 9 , 20528
7 , 9 , 20529
7 , 9 , 20530
7 , 9 , 20531
7 , 9 , 20532
7 , 9 , 20533
7 , 9 , 20534
7 , 9 , 20535
7 , 9 , 20536
7 , 9 , 20537
7 , 9 , 20538
7 , 9 , 20539
7 , 9 , 20540
7 , 9 , 20541
7 , 9 , 20542
7 , 9 , 20543
7 , 9 , 20544
7 , 9 , 20545
7 , 9 , 20546
7 , 9 , 20547
7 , 9 , 20548
7 , 9 , 20549
7 , 9 , 20550
7 , 9 , 20551
7 , 9 , 20552
7 , 9 , 20553
7 , 9 , 20554
7 , 9 , 20555
7 , 9 , 20556
7 , 9 , 20557
7 , 9 , 20558
7 , 9 , 20559
7 , 9 , 20560
7 , 9 , 20561
7 , 9 , 20562
7 , 9 , 20563
7 , 9 , 20564
7 , 9 , 20565
7 , 9 , 20566
7 , 9 , 20567
7 , 9 , 20568
7 , 9 , 20569
7 , 9 , 20570
7 , 9 , 20571
7 , 9 , 20572
7 , 9 , 20573
7 , 9 , 20574
7 , 9 , 20575
7 , 9 , 20576
7 , 9 , 20577
7 , 9 , 20578
7 , 9 , 20579
7 , 9 , 20580
7 , 9 , 20581
7 , 9 , 20582
7 , 9 , 20583
7 , 9 , 20584
7 , 9 , 20585
7 , 9 , 20586
7 , 9 , 20587
7 , 9 , 20588
7 , 9 , 20589
7 , 9 , 20590
7 , 9 , 20591
7 , 9 , 20592
7 , 9 , 20593
7 , 9 , 20594
7 , 9 , 20595
7 , 9 , 20596
7 , 9 , 20597
7 , 9 , 20598
7 , 9 , 20599
7 , 9 , 20600
7 , 9 , 20601
7 , 9 , 20602
7 , 9 , 20603
7 , 9 , 20604
7 , 9 , 20605
7 , 9 , 20606
7 , 9 , 20607
7 , 9 , 20608
7 , 9 , 20609
7 , 9 , 20610
7 , 9 , 20611
7 , 9 , 20612
7 , 9 , 20613
7 , 9 , 20614
7 , 9 , 20615
7 , 9 , 20616
7 , 9 , 20617
7 , 9 , 20618
7 , 9 , 20619
7 , 9 , 20620
7 , 9 , 20621
7 , 9 , 20622
7 , 9 , 20623
7 , 9 , 20624
7 , 9 , 20625
7 , 9 , 20626
7 , 9 , 20627
7 , 9 , 20628
7 , 9 , 20629
7 , 9 , 20630
7 , 9 , 20631
7 , 9 , 20632
7 , 9 , 20633
7 , 9 , 20634
7 , 9 , 20635
7 , 9 , 20636
7 , 9 , 20637
7 , 9 , 20638
7 , 9 , 20639
7 , 9 , 20640
7 , 9 , 20641
7 , 9 , 20642
7 , 9 , 20643
7 , 9 , 20644
7 , 9 , 20645
7 , 9 , 20646
7 , 9 , 20647
7 , 9 , 20648
7 , 9 , 20649
7 , 9 , 20650
7 , 9 , 20651
7 , 9 , 20652
7 , 9 , 20653
7 , 9 , 20654
7 , 9 , 20655
7 , 9 , 20656
7 , 9 , 20657
7 , 9 , 20658
7 , 9 , 20659
7 , 9 , 20660
7 , 9 , 20661
7 , 9 , 20662
7 , 9 , 20663
7 , 9 , 20664
7 , 9 , 20665
7 , 9 , 20666
7 , 9 , 20667
7 , 9 , 20668
7 , 9 , 20669
7 , 9 , 20670
7 , 9 , 20671
7 , 9 , 20672
7 , 9 , 20673
7 , 9 , 20674
7 , 9 , 20675
7 , 9 , 20676
7 , 9 , 20677
7 , 9 , 20678
7 , 9 , 20679
7 , 9 , 20680
7 , 9 , 20681
7 , 9 , 20682
7 , 9 , 20683
7 , 9 , 20684
7 , 9 , 20685
7 , 9 , 20686
7 , 9 , 20687
7 , 9 , 20688
7 , 9 , 20689
7 , 9 , 20690
7 , 9 , 20691
7 , 9 , 20692
7 , 9 , 20693
7 , 9 , 20694
7 , 9 , 20695
7 , 9 , 20696
7 , 9 , 20697
7 , 9 , 20698
7 , 9 , 20699
7 , 9 , 20700
7 , 9 , 20701
7 , 9 , 20702
7 , 9 , 20703
7 , 9 , 20704
7 , 9 , 20705
7 , 9 , 20706
7 , 9 , 20707
7 , 9 , 20708
7 , 9 , 20709
7 , 9 , 20710
7 , 9 , 20711
7 , 9 , 20712
7 , 9 , 20713
7 , 9 , 20714
7 , 9 , 20715
7 , 9 , 20716
7 , 9 , 20717
7 , 9 , 20718
7 , 9 , 20719
7 , 9 , 20720
7 , 9 , 20721
7 , 9 , 20722
7 , 9 , 20723
7 , 9 , 20724
7 , 9 , 20725
7 , 9 , 20726
7 , 9 , 20727
7 , 9 , 20728
7 , 9 , 20729
7 , 9 , 20730
7 , 9 , 20731
7 , 9 , 20732
7 , 9 , 20733
7 , 9 , 20734
7 , 9 , 20735
7 , 9 , 20736
7 , 9 , 20737
7 , 9 , 20738
7 , 9 , 20739
7 , 9 , 20740
7 , 9 , 20741
7 , 9 , 20742
7 , 9 , 20743
7 , 9 , 20744
7 , 9 , 20745
7 , 9 , 20746
7 , 9 , 20747
7 , 9 , 20748
7 , 9 , 20749
7 , 9 , 20750
7 , 9 , 20751
7 , 9 , 20752
7 , 9 , 20753
7 , 9 , 20754
7 , 9 , 20755
7 , 9 , 20756
7 , 9 , 20757
7 , 9 , 20758
7 , 9 , 20759
7 , 9 , 20760
7 , 9 , 20761
7 , 9 , 20762
7 , 9 , 20763
7 , 9 , 20764
7 , 9 , 20765
7 , 9 , 20766
7 , 9 , 20767
7 , 9 , 20768
7 , 9 , 20769
7 , 9 , 20770
7 , 9 , 20771
7 , 9 , 20772
7 , 9 , 20773
